global_step,episode,step_in_episode,action,reward,loss,q_value,epsilon,timestamp
0,0,0,4,0.0,,0.058618102222681046,1.0,2026-01-19T23:07:09.946608
10,0,10,1,0.0,,0.058572255074977875,0.9999802000000004,2026-01-19T23:07:09.955198
20,0,20,2,0.0,,0.058557815849781036,0.9999604000000009,2026-01-19T23:07:09.963222
30,0,30,5,0.0,,0.058683834969997406,0.9999406000000013,2026-01-19T23:07:09.970857
40,0,40,1,0.0,,0.05839148163795471,0.9999208000000017,2026-01-19T23:07:09.979497
50,0,50,4,25.0,,0.059303559362888336,0.9999010000000021,2026-01-19T23:07:09.986959
60,0,60,5,0.0,,0.059480100870132446,0.9998812000000026,2026-01-19T23:07:09.994717
70,0,70,1,0.0,,0.05903615802526474,0.999861400000003,2026-01-19T23:07:10.002750
80,0,80,3,25.0,,0.058681681752204895,0.9998416000000034,2026-01-19T23:07:10.012218
90,0,90,0,0.0,,0.05939227342605591,0.9998218000000039,2026-01-19T23:07:10.019805
100,0,100,1,0.0,,0.05899422988295555,0.9998020000000043,2026-01-19T23:07:10.027610
110,0,110,4,0.0,,0.05893821269273758,0.9997822000000047,2026-01-19T23:07:10.035473
120,0,120,0,0.0,,0.05850118398666382,0.9997624000000052,2026-01-19T23:07:10.043715
130,0,130,0,0.0,,0.058889392763376236,0.9997426000000056,2026-01-19T23:07:10.053199
140,0,140,0,0.0,,0.05890130251646042,0.999722800000006,2026-01-19T23:07:10.061520
150,0,150,2,0.0,,0.05950839817523956,0.9997030000000064,2026-01-19T23:07:10.070839
160,0,160,1,0.0,,0.05960054323077202,0.9996832000000069,2026-01-19T23:07:10.082292
170,0,170,0,0.0,,0.059560347348451614,0.9996634000000073,2026-01-19T23:07:10.090669
180,0,180,3,0.0,,0.05951312929391861,0.9996436000000077,2026-01-19T23:07:10.098065
190,0,190,5,0.0,,0.05952782183885574,0.9996238000000082,2026-01-19T23:07:10.105759
200,0,200,3,0.0,,0.05958730727434158,0.9996040000000086,2026-01-19T23:07:10.113592
210,0,210,0,0.0,,0.05948744714260101,0.999584200000009,2026-01-19T23:07:10.121073
220,0,220,3,0.0,,0.05907917767763138,0.9995644000000095,2026-01-19T23:07:10.129343
230,0,230,1,0.0,,0.05941912904381752,0.9995446000000099,2026-01-19T23:07:10.139313
240,0,240,2,0.0,,0.05934535712003708,0.9995248000000103,2026-01-19T23:07:10.147637
250,0,250,1,0.0,,0.05938934534788132,0.9995050000000107,2026-01-19T23:07:10.158903
260,0,260,3,0.0,,0.05945800617337227,0.9994852000000112,2026-01-19T23:07:10.168305
270,0,270,0,0.0,,0.059465814381837845,0.9994654000000116,2026-01-19T23:07:10.180477
280,0,280,2,0.0,,0.059459276497364044,0.999445600000012,2026-01-19T23:07:10.189341
290,0,290,4,0.0,,0.05890054255723953,0.9994258000000125,2026-01-19T23:07:10.198996
300,0,300,5,0.0,,0.05923672765493393,0.9994060000000129,2026-01-19T23:07:10.211355
310,0,310,4,0.0,,0.05903007090091705,0.9993862000000133,2026-01-19T23:07:10.218494
320,0,320,0,0.0,,0.05940276384353638,0.9993664000000138,2026-01-19T23:07:10.227047
330,0,330,5,0.0,,0.05863255634903908,0.9993466000000142,2026-01-19T23:07:10.234624
340,0,340,1,0.0,,0.05934418737888336,0.9993268000000146,2026-01-19T23:07:10.242245
350,0,350,4,0.0,,0.059093378484249115,0.999307000000015,2026-01-19T23:07:10.249386
360,0,360,2,0.0,,0.05855678766965866,0.9992872000000155,2026-01-19T23:07:10.256439
370,0,370,4,0.0,,0.05888715013861656,0.9992674000000159,2026-01-19T23:07:10.263896
380,0,380,0,0.0,,0.05912899225950241,0.9992476000000163,2026-01-19T23:07:10.271241
390,1,3,4,0.0,,0.0585913322865963,0.9992278000000168,2026-01-19T23:07:10.286814
400,1,13,3,0.0,,0.058529362082481384,0.9992080000000172,2026-01-19T23:07:10.293747
410,1,23,5,0.0,,0.05865662544965744,0.9991882000000176,2026-01-19T23:07:10.303606
420,1,33,2,0.0,,0.05861729383468628,0.999168400000018,2026-01-19T23:07:10.311706
430,1,43,3,0.0,,0.05862300097942352,0.9991486000000185,2026-01-19T23:07:10.319594
440,1,53,3,0.0,,0.05912177637219429,0.9991288000000189,2026-01-19T23:07:10.327717
450,1,63,5,0.0,,0.059073928743600845,0.9991090000000193,2026-01-19T23:07:10.335730
460,1,73,3,0.0,,0.05935923382639885,0.9990892000000198,2026-01-19T23:07:10.344346
470,1,83,0,0.0,,0.05963367596268654,0.9990694000000202,2026-01-19T23:07:10.352633
480,1,93,1,0.0,,0.059552207589149475,0.9990496000000206,2026-01-19T23:07:10.361999
490,1,103,5,0.0,,0.058716051280498505,0.9990298000000211,2026-01-19T23:07:10.373077
500,1,113,2,0.0,,0.058707498013973236,0.9990100000000215,2026-01-19T23:07:10.383464
510,1,123,0,0.0,,0.059092339128255844,0.9989902000000219,2026-01-19T23:07:10.397064
520,1,133,3,0.0,,0.058917246758937836,0.9989704000000224,2026-01-19T23:07:10.409380
530,1,143,5,0.0,,0.05917435139417648,0.9989506000000228,2026-01-19T23:07:10.420581
540,1,153,5,0.0,,0.05915673449635506,0.9989308000000232,2026-01-19T23:07:10.430733
550,1,163,2,0.0,,0.05916411802172661,0.9989110000000236,2026-01-19T23:07:10.449199
560,1,173,2,0.0,,0.05906256288290024,0.9988912000000241,2026-01-19T23:07:10.459019
570,1,183,0,0.0,,0.05908512324094772,0.9988714000000245,2026-01-19T23:07:10.474411
580,1,193,5,0.0,,0.05876501649618149,0.9988516000000249,2026-01-19T23:07:10.492910
590,1,203,3,0.0,,0.05946993827819824,0.9988318000000254,2026-01-19T23:07:10.505323
600,1,213,5,0.0,,0.05903578922152519,0.9988120000000258,2026-01-19T23:07:10.513425
610,1,223,2,0.0,,0.058837033808231354,0.9987922000000262,2026-01-19T23:07:10.521654
620,1,233,2,0.0,,0.05900460109114647,0.9987724000000266,2026-01-19T23:07:10.530331
630,1,243,4,0.0,,0.05928923562169075,0.9987526000000271,2026-01-19T23:07:10.539759
640,1,253,5,0.0,,0.05939933657646179,0.9987328000000275,2026-01-19T23:07:10.549465
650,1,263,5,0.0,,0.05935743451118469,0.9987130000000279,2026-01-19T23:07:10.560068
660,1,273,3,0.0,,0.059366412460803986,0.9986932000000284,2026-01-19T23:07:10.568778
670,1,283,0,0.0,,0.05936052277684212,0.9986734000000288,2026-01-19T23:07:10.580836
680,1,293,0,0.0,,0.059318408370018005,0.9986536000000292,2026-01-19T23:07:10.589068
690,1,303,5,0.0,,0.05916532129049301,0.9986338000000297,2026-01-19T23:07:10.597520
700,2,1,4,0.0,,0.058556728065013885,0.9986140000000301,2026-01-19T23:07:10.612681
710,2,11,2,0.0,,0.05861080810427666,0.9985942000000305,2026-01-19T23:07:10.620122
720,2,21,1,0.0,,0.05853552743792534,0.998574400000031,2026-01-19T23:07:10.628076
730,2,31,4,0.0,,0.05871141701936722,0.9985546000000314,2026-01-19T23:07:10.635766
740,2,41,2,0.0,,0.058641884475946426,0.9985348000000318,2026-01-19T23:07:10.643020
750,2,51,5,0.0,,0.058623068034648895,0.9985150000000322,2026-01-19T23:07:10.650347
760,2,61,2,0.0,,0.05886412039399147,0.9984952000000327,2026-01-19T23:07:10.657889
770,2,71,2,0.0,,0.05875024572014809,0.9984754000000331,2026-01-19T23:07:10.665622
780,2,81,0,0.0,,0.05942952632904053,0.9984556000000335,2026-01-19T23:07:10.673867
790,2,91,4,0.0,,0.0586756095290184,0.998435800000034,2026-01-19T23:07:10.681516
800,2,101,2,0.0,,0.05899430438876152,0.9984160000000344,2026-01-19T23:07:10.690987
810,2,111,2,0.0,,0.05816588178277016,0.9983962000000348,2026-01-19T23:07:10.699010
820,2,121,5,0.0,,0.05873674899339676,0.9983764000000352,2026-01-19T23:07:10.711826
830,2,131,0,0.0,,0.05870616436004639,0.9983566000000357,2026-01-19T23:07:10.723915
840,2,141,1,0.0,,0.057596027851104736,0.9983368000000361,2026-01-19T23:07:10.733157
850,2,151,5,0.0,,0.05823194980621338,0.9983170000000365,2026-01-19T23:07:10.742920
860,2,161,0,0.0,,0.05804208666086197,0.998297200000037,2026-01-19T23:07:10.752469
870,2,171,2,0.0,,0.05876045674085617,0.9982774000000374,2026-01-19T23:07:10.761449
880,2,181,0,0.0,,0.0585104264318943,0.9982576000000378,2026-01-19T23:07:10.769695
890,2,191,5,0.0,,0.05925524979829788,0.9982378000000383,2026-01-19T23:07:10.779295
900,2,201,1,0.0,,0.0594802126288414,0.9982180000000387,2026-01-19T23:07:10.788444
910,2,211,3,0.0,,0.05951700359582901,0.9981982000000391,2026-01-19T23:07:10.797152
920,2,221,3,0.0,,0.05963818356394768,0.9981784000000395,2026-01-19T23:07:10.805712
930,2,231,3,0.0,,0.05914560705423355,0.99815860000004,2026-01-19T23:07:10.814092
940,2,241,3,0.0,,0.05974768102169037,0.9981388000000404,2026-01-19T23:07:10.822365
950,2,251,0,0.0,,0.05830139294266701,0.9981190000000408,2026-01-19T23:07:10.831838
960,2,261,2,0.0,,0.059465907514095306,0.9980992000000413,2026-01-19T23:07:10.840264
970,2,271,0,0.0,,0.05877969041466713,0.9980794000000417,2026-01-19T23:07:10.848182
980,2,281,5,0.0,,0.05868656933307648,0.9980596000000421,2026-01-19T23:07:10.855802
990,2,291,3,0.0,,0.058556877076625824,0.9980398000000426,2026-01-19T23:07:10.864821
1000,2,301,0,0.0,,0.05894912779331207,0.998020000000043,2026-01-19T23:07:10.874219
1010,2,311,0,0.0,,0.05909661203622818,0.9980002000000434,2026-01-19T23:07:10.881980
1020,2,321,1,0.0,,0.059212442487478256,0.9979804000000438,2026-01-19T23:07:10.890232
1030,2,331,2,0.0,,0.05855993181467056,0.9979606000000443,2026-01-19T23:07:10.897402
1040,2,341,0,0.0,,0.059358302503824234,0.9979408000000447,2026-01-19T23:07:10.904517
1050,2,351,1,0.0,,0.05886789783835411,0.9979210000000451,2026-01-19T23:07:10.911563
1060,2,361,4,0.0,,0.05854158475995064,0.9979012000000456,2026-01-19T23:07:10.919384
1070,2,371,5,0.0,,0.05899706110358238,0.997881400000046,2026-01-19T23:07:10.926519
1080,2,381,5,0.0,,0.05867348611354828,0.9978616000000464,2026-01-19T23:07:10.933364
1090,2,391,5,0.0,,0.05870423838496208,0.9978418000000469,2026-01-19T23:07:10.939465
1100,2,401,0,0.0,,0.059026774019002914,0.9978220000000473,2026-01-19T23:07:10.945508
1110,2,411,4,0.0,,0.05844632908701897,0.9978022000000477,2026-01-19T23:07:10.952294
1120,2,421,4,0.0,,0.05902060121297836,0.9977824000000481,2026-01-19T23:07:10.958761
1130,2,431,0,0.0,,0.058485135436058044,0.9977626000000486,2026-01-19T23:07:10.965823
1140,3,3,2,0.0,,0.0585913322865963,0.997742800000049,2026-01-19T23:07:10.982329
1150,3,13,4,0.0,,0.058529362082481384,0.9977230000000494,2026-01-19T23:07:10.989417
1160,3,23,2,0.0,,0.05865662544965744,0.9977032000000499,2026-01-19T23:07:10.996577
1170,3,33,0,0.0,,0.05861729383468628,0.9976834000000503,2026-01-19T23:07:11.004387
1180,3,43,2,0.0,,0.05862300097942352,0.9976636000000507,2026-01-19T23:07:11.011235
1190,3,53,0,0.0,,0.05912177637219429,0.9976438000000512,2026-01-19T23:07:11.017684
1200,3,63,0,0.0,,0.059073928743600845,0.9976240000000516,2026-01-19T23:07:11.024662
1210,3,73,5,0.0,,0.05935923382639885,0.997604200000052,2026-01-19T23:07:11.032585
1220,3,83,4,0.0,,0.05963367596268654,0.9975844000000524,2026-01-19T23:07:11.041515
1230,3,93,3,0.0,,0.059552207589149475,0.9975646000000529,2026-01-19T23:07:11.048351
1240,3,103,1,0.0,,0.058716051280498505,0.9975448000000533,2026-01-19T23:07:11.054760
1250,3,113,2,0.0,,0.058707498013973236,0.9975250000000537,2026-01-19T23:07:11.061893
1260,3,123,0,0.0,,0.059139132499694824,0.9975052000000542,2026-01-19T23:07:11.068891
1270,3,133,1,0.0,,0.05879431217908859,0.9974854000000546,2026-01-19T23:07:11.075946
1280,3,143,5,0.0,,0.05914672464132309,0.997465600000055,2026-01-19T23:07:11.083755
1290,3,153,3,0.0,,0.05915673449635506,0.9974458000000554,2026-01-19T23:07:11.091158
1300,3,163,3,0.0,,0.05916411802172661,0.9974260000000559,2026-01-19T23:07:11.098895
1310,3,173,3,0.0,,0.05906256288290024,0.9974062000000563,2026-01-19T23:07:11.106924
1320,3,183,0,0.0,,0.05908512324094772,0.9973864000000567,2026-01-19T23:07:11.115797
1330,3,193,0,0.0,,0.05878926441073418,0.9973666000000572,2026-01-19T23:07:11.123521
1340,3,203,3,0.0,,0.05875589698553085,0.9973468000000576,2026-01-19T23:07:11.131715
1350,3,213,5,0.0,,0.058668334037065506,0.997327000000058,2026-01-19T23:07:11.139455
1360,3,223,5,0.0,,0.05873797833919525,0.9973072000000585,2026-01-19T23:07:11.147132
1370,3,233,0,0.0,,0.0587819442152977,0.9972874000000589,2026-01-19T23:07:11.154552
1380,3,243,1,0.0,,0.05866648256778717,0.9972676000000593,2026-01-19T23:07:11.162351
1390,3,253,1,0.0,,0.05876775458455086,0.9972478000000597,2026-01-19T23:07:11.169981
1400,3,263,2,0.0,,0.05873652547597885,0.9972280000000602,2026-01-19T23:07:11.178192
1410,3,273,5,0.0,,0.058679088950157166,0.9972082000000606,2026-01-19T23:07:11.185765
1420,3,283,0,0.0,,0.058338701725006104,0.997188400000061,2026-01-19T23:07:11.193633
1430,3,293,4,0.0,,0.0585486963391304,0.9971686000000615,2026-01-19T23:07:11.202083
1440,3,303,4,0.0,,0.05903299152851105,0.9971488000000619,2026-01-19T23:07:11.210012
1450,4,8,3,0.0,,0.05853450298309326,0.9971290000000623,2026-01-19T23:07:11.229299
1460,4,18,3,0.0,,0.05860724300146103,0.9971092000000628,2026-01-19T23:07:11.237337
1470,4,28,3,0.0,,0.058591388165950775,0.9970894000000632,2026-01-19T23:07:11.244540
1480,4,38,1,0.0,,0.05852952599525452,0.9970696000000636,2026-01-19T23:07:11.251221
1490,4,48,5,0.0,,0.05829104408621788,0.997049800000064,2026-01-19T23:07:11.258716
1500,4,58,3,0.0,,0.05884028971195221,0.9970300000000645,2026-01-19T23:07:11.264998
1510,4,68,3,0.0,,0.059130262583494186,0.9970102000000649,2026-01-19T23:07:11.271718
1520,4,78,4,0.0,,0.05919662117958069,0.9969904000000653,2026-01-19T23:07:11.278675
1530,4,88,2,0.0,,0.059149764478206635,0.9969706000000658,2026-01-19T23:07:11.285725
1540,4,98,4,0.0,,0.05912657082080841,0.9969508000000662,2026-01-19T23:07:11.292660
1550,4,108,3,0.0,,0.0592912882566452,0.9969310000000666,2026-01-19T23:07:11.300331
1560,4,118,4,0.0,,0.05912506580352783,0.996911200000067,2026-01-19T23:07:11.307833
1570,4,128,2,0.0,,0.05907491594552994,0.9968914000000675,2026-01-19T23:07:11.315884
1580,4,138,5,0.0,,0.05920206382870674,0.9968716000000679,2026-01-19T23:07:11.323697
1590,4,148,5,0.0,,0.05933341383934021,0.9968518000000683,2026-01-19T23:07:11.332110
1600,4,158,0,0.0,,0.0591328889131546,0.9968320000000688,2026-01-19T23:07:11.340124
1610,4,168,2,0.0,,0.0590951144695282,0.9968122000000692,2026-01-19T23:07:11.347673
1620,4,178,0,0.0,,0.05903647467494011,0.9967924000000696,2026-01-19T23:07:11.354988
1630,4,188,3,0.0,,0.059061482548713684,0.9967726000000701,2026-01-19T23:07:11.362434
1640,4,198,1,0.0,,0.05873696133494377,0.9967528000000705,2026-01-19T23:07:11.370354
1650,4,208,0,0.0,,0.05912976711988449,0.9967330000000709,2026-01-19T23:07:11.378782
1660,4,218,0,0.0,,0.05935222655534744,0.9967132000000714,2026-01-19T23:07:11.387155
1670,4,228,1,0.0,,0.0594334676861763,0.9966934000000718,2026-01-19T23:07:11.395387
1680,4,238,4,25.0,,0.05886510759592056,0.9966736000000722,2026-01-19T23:07:11.403751
1690,4,248,4,0.0,,0.0591227263212204,0.9966538000000726,2026-01-19T23:07:11.413660
1700,4,258,0,0.0,,0.05870087817311287,0.9966340000000731,2026-01-19T23:07:11.422244
1710,4,268,1,0.0,,0.05876122787594795,0.9966142000000735,2026-01-19T23:07:11.431619
1720,4,278,2,0.0,,0.05861763283610344,0.9965944000000739,2026-01-19T23:07:11.439788
1730,4,288,2,0.0,,0.058654822409152985,0.9965746000000744,2026-01-19T23:07:11.448670
1740,4,298,5,0.0,,0.058677684515714645,0.9965548000000748,2026-01-19T23:07:11.457201
1750,4,308,1,25.0,,0.05876756086945534,0.9965350000000752,2026-01-19T23:07:11.464285
1760,4,318,0,0.0,,0.058603301644325256,0.9965152000000757,2026-01-19T23:07:11.473418
1770,4,328,0,0.0,,0.05901910364627838,0.9964954000000761,2026-01-19T23:07:11.480532
1780,4,338,3,0.0,,0.05892131105065346,0.9964756000000765,2026-01-19T23:07:11.488137
1790,4,348,0,0.0,,0.05860978737473488,0.9964558000000769,2026-01-19T23:07:11.494796
1800,4,358,3,0.0,,0.05945095792412758,0.9964360000000774,2026-01-19T23:07:11.503316
1810,4,368,1,0.0,,0.05913148447871208,0.9964162000000778,2026-01-19T23:07:11.510473
1820,5,0,1,0.0,,0.058618102222681046,0.9963964000000782,2026-01-19T23:07:11.525450
1830,5,10,3,0.0,,0.058572255074977875,0.9963766000000787,2026-01-19T23:07:11.536795
1840,5,20,0,0.0,,0.058557815849781036,0.9963568000000791,2026-01-19T23:07:11.543581
1850,5,30,2,0.0,,0.058683834969997406,0.9963370000000795,2026-01-19T23:07:11.550358
1860,5,40,2,0.0,,0.05834350362420082,0.99631720000008,2026-01-19T23:07:11.557209
1870,5,50,1,0.0,,0.058690108358860016,0.9962974000000804,2026-01-19T23:07:11.564131
1880,5,60,2,0.0,,0.05889157950878143,0.9962776000000808,2026-01-19T23:07:11.571124
1890,5,70,1,0.0,,0.059176966547966,0.9962578000000812,2026-01-19T23:07:11.577902
1900,5,80,3,0.0,,0.05911081284284592,0.9962380000000817,2026-01-19T23:07:11.584843
1910,5,90,0,0.0,,0.05928993597626686,0.9962182000000821,2026-01-19T23:07:11.592697
1920,5,100,2,0.0,,0.05930906534194946,0.9961984000000825,2026-01-19T23:07:11.599650
1930,5,110,2,0.0,,0.05918330326676369,0.996178600000083,2026-01-19T23:07:11.607010
1940,5,120,3,0.0,,0.05888695269823074,0.9961588000000834,2026-01-19T23:07:11.613921
1950,5,130,2,0.0,,0.05890632048249245,0.9961390000000838,2026-01-19T23:07:11.620364
1960,5,140,1,0.0,,0.059027038514614105,0.9961192000000842,2026-01-19T23:07:11.627552
1970,5,150,1,0.0,,0.058975737541913986,0.9960994000000847,2026-01-19T23:07:11.634151
1980,5,160,1,0.0,,0.058977726846933365,0.9960796000000851,2026-01-19T23:07:11.640994
1990,5,170,0,0.0,,0.058901868760585785,0.9960598000000855,2026-01-19T23:07:11.647750
2000,5,180,5,0.0,,0.05862121284008026,0.996040000000086,2026-01-19T23:07:11.655369
2010,5,190,5,0.0,,0.05889929085969925,0.9960202000000864,2026-01-19T23:07:11.662177
2020,5,200,4,0.0,,0.058896504342556,0.9960004000000868,2026-01-19T23:07:11.669074
2030,5,210,3,0.0,,0.05898941308259964,0.9959806000000873,2026-01-19T23:07:11.675932
2040,5,220,5,0.0,,0.058985233306884766,0.9959608000000877,2026-01-19T23:07:11.682152
2050,5,230,1,0.0,,0.059293460100889206,0.9959410000000881,2026-01-19T23:07:11.689552
2060,5,240,3,0.0,,0.058569930493831635,0.9959212000000885,2026-01-19T23:07:11.696693
2070,6,0,0,0.0,,0.058618102222681046,0.995901400000089,2026-01-19T23:07:11.712077
2080,6,10,3,0.0,,0.058572255074977875,0.9958816000000894,2026-01-19T23:07:11.720099
2090,6,20,4,0.0,,0.058557815849781036,0.9958618000000898,2026-01-19T23:07:11.727037
2100,6,30,3,0.0,,0.058683834969997406,0.9958420000000903,2026-01-19T23:07:11.734991
2110,6,40,0,0.0,,0.05837012082338333,0.9958222000000907,2026-01-19T23:07:11.742978
2120,6,50,0,0.0,,0.05846047028899193,0.9958024000000911,2026-01-19T23:07:11.750240
2130,6,60,3,0.0,,0.059102606028318405,0.9957826000000916,2026-01-19T23:07:11.757029
2140,6,70,4,0.0,,0.05918943136930466,0.995762800000092,2026-01-19T23:07:11.763960
2150,6,80,0,0.0,,0.05911081284284592,0.9957430000000924,2026-01-19T23:07:11.770936
2160,6,90,1,0.0,,0.05928993597626686,0.9957232000000928,2026-01-19T23:07:11.778160
2170,6,100,5,0.0,,0.05930906534194946,0.9957034000000933,2026-01-19T23:07:11.784437
2180,6,110,5,0.0,,0.05918330326676369,0.9956836000000937,2026-01-19T23:07:11.790798
2190,6,120,0,0.0,,0.058873698115348816,0.9956638000000941,2026-01-19T23:07:11.797789
2200,6,130,4,0.0,,0.0585622601211071,0.9956440000000946,2026-01-19T23:07:11.805034
2210,6,140,4,0.0,,0.0585404634475708,0.995624200000095,2026-01-19T23:07:11.812205
2220,6,150,2,0.0,,0.0591333843767643,0.9956044000000954,2026-01-19T23:07:11.819012
2230,6,160,0,0.0,,0.059088144451379776,0.9955846000000959,2026-01-19T23:07:11.825644
2240,6,170,5,0.0,,0.059075288474559784,0.9955648000000963,2026-01-19T23:07:11.832772
2250,6,180,5,0.0,,0.05901281535625458,0.9955450000000967,2026-01-19T23:07:11.839660
2260,6,190,5,0.0,,0.059042058885097504,0.9955252000000971,2026-01-19T23:07:11.846627
2270,6,200,2,0.0,,0.05885573849081993,0.9955054000000976,2026-01-19T23:07:11.853399
2280,6,210,0,0.0,,0.05881737172603607,0.995485600000098,2026-01-19T23:07:11.859868
2290,6,220,4,0.0,,0.0589592382311821,0.9954658000000984,2026-01-19T23:07:11.867074
2300,6,230,4,0.0,,0.05882450193166733,0.9954460000000989,2026-01-19T23:07:11.873938
2310,6,240,2,0.0,,0.05876396223902702,0.9954262000000993,2026-01-19T23:07:11.880524
2320,6,250,4,0.0,,0.0587892010807991,0.9954064000000997,2026-01-19T23:07:11.887267
2330,6,260,3,0.0,,0.05886208266019821,0.9953866000001002,2026-01-19T23:07:11.893591
2340,6,270,5,0.0,,0.058847080916166306,0.9953668000001006,2026-01-19T23:07:11.900601
2350,6,280,1,0.0,,0.05884968489408493,0.995347000000101,2026-01-19T23:07:11.908070
2360,6,290,3,0.0,,0.058674294501543045,0.9953272000001014,2026-01-19T23:07:11.915015
2370,7,7,2,0.0,,0.05859620124101639,0.9953074000001019,2026-01-19T23:07:11.930932
2380,7,17,0,0.0,,0.0585453100502491,0.9952876000001023,2026-01-19T23:07:11.938314
2390,7,27,0,0.0,,0.05866313725709915,0.9952678000001027,2026-01-19T23:07:11.945155
2400,7,37,2,0.0,,0.058604784309864044,0.9952480000001032,2026-01-19T23:07:11.952587
2410,7,47,3,25.0,,0.05842684581875801,0.9952282000001036,2026-01-19T23:07:11.959479
2420,7,57,1,0.0,,0.058853816241025925,0.995208400000104,2026-01-19T23:07:11.966544
2430,7,67,3,0.0,,0.05876658856868744,0.9951886000001045,2026-01-19T23:07:11.974764
2440,7,77,0,0.0,,0.05945807322859764,0.9951688000001049,2026-01-19T23:07:11.981908
2450,7,87,1,0.0,,0.05875125899910927,0.9951490000001053,2026-01-19T23:07:11.988787
2460,7,97,3,0.0,,0.058485884219408035,0.9951292000001057,2026-01-19T23:07:11.995731
2470,7,107,4,0.0,,0.05902275815606117,0.9951094000001062,2026-01-19T23:07:12.002562
2480,7,117,0,0.0,,0.059129271656274796,0.9950896000001066,2026-01-19T23:07:12.009795
2490,7,127,2,0.0,,0.05978734418749809,0.995069800000107,2026-01-19T23:07:12.017330
2500,7,137,5,0.0,,0.05909118056297302,0.9950500000001075,2026-01-19T23:07:12.024583
2510,7,147,5,0.0,,0.05964525789022446,0.9950302000001079,2026-01-19T23:07:12.032061
2520,7,157,4,0.0,,0.059713445603847504,0.9950104000001083,2026-01-19T23:07:12.039580
2530,7,167,5,0.0,,0.05961940065026283,0.9949906000001087,2026-01-19T23:07:12.047155
2540,7,177,5,0.0,,0.05951758474111557,0.9949708000001092,2026-01-19T23:07:12.054561
2550,7,187,0,0.0,,0.0595473051071167,0.9949510000001096,2026-01-19T23:07:12.062279
2560,7,197,0,0.0,,0.059526439756155014,0.99493120000011,2026-01-19T23:07:12.070174
2570,7,207,0,0.0,,0.05966128036379814,0.9949114000001105,2026-01-19T23:07:12.078282
2580,7,217,5,0.0,,0.059446487575769424,0.9948916000001109,2026-01-19T23:07:12.085895
2590,7,227,5,0.0,,0.05911506712436676,0.9948718000001113,2026-01-19T23:07:12.094645
2600,7,237,4,0.0,,0.0592949353158474,0.9948520000001118,2026-01-19T23:07:12.102820
2610,7,247,1,0.0,,0.05938720703125,0.9948322000001122,2026-01-19T23:07:12.110021
2620,7,257,4,0.0,,0.05947228521108627,0.9948124000001126,2026-01-19T23:07:12.118494
2630,7,267,4,0.0,,0.05948151648044586,0.994792600000113,2026-01-19T23:07:12.125631
2640,7,277,0,0.0,,0.059402480721473694,0.9947728000001135,2026-01-19T23:07:12.133370
2650,7,287,4,0.0,,0.05940636247396469,0.9947530000001139,2026-01-19T23:07:12.140561
2660,7,297,0,0.0,,0.059058673679828644,0.9947332000001143,2026-01-19T23:07:12.147429
2670,7,307,0,0.0,,0.05904033035039902,0.9947134000001148,2026-01-19T23:07:12.154426
2680,7,317,1,0.0,,0.05920487269759178,0.9946936000001152,2026-01-19T23:07:12.161235
2690,7,327,5,0.0,,0.05927407369017601,0.9946738000001156,2026-01-19T23:07:12.167911
2700,7,337,5,0.0,,0.05927494540810585,0.9946540000001161,2026-01-19T23:07:12.174674
2710,7,347,4,0.0,,0.05922851711511612,0.9946342000001165,2026-01-19T23:07:12.181647
2720,7,357,5,0.0,,0.0591803640127182,0.9946144000001169,2026-01-19T23:07:12.191197
2730,7,367,4,0.0,,0.05896719917654991,0.9945946000001173,2026-01-19T23:07:12.198190
2740,7,377,1,0.0,,0.05893968790769577,0.9945748000001178,2026-01-19T23:07:12.205363
2750,8,4,2,0.0,,0.05852194130420685,0.9945550000001182,2026-01-19T23:07:12.221436
2760,8,14,5,0.0,,0.058594830334186554,0.9945352000001186,2026-01-19T23:07:12.228336
2770,8,24,0,0.0,,0.058585118502378464,0.9945154000001191,2026-01-19T23:07:12.235107
2780,8,34,2,0.0,,0.0586862713098526,0.9944956000001195,2026-01-19T23:07:12.241877
2790,8,44,1,0.0,,0.05866169184446335,0.9944758000001199,2026-01-19T23:07:12.248250
2800,8,54,2,0.0,,0.05857671797275543,0.9944560000001204,2026-01-19T23:07:12.254554
2810,8,64,5,0.0,,0.059339042752981186,0.9944362000001208,2026-01-19T23:07:12.260920
2820,8,74,0,0.0,,0.05940667539834976,0.9944164000001212,2026-01-19T23:07:12.268034
2830,8,84,3,0.0,,0.0593053437769413,0.9943966000001216,2026-01-19T23:07:12.275080
2840,8,94,0,0.0,,0.059452880173921585,0.9943768000001221,2026-01-19T23:07:12.283102
2850,8,104,3,0.0,,0.05944792926311493,0.9943570000001225,2026-01-19T23:07:12.290260
2860,8,114,3,0.0,,0.059332989156246185,0.9943372000001229,2026-01-19T23:07:12.296971
2870,8,124,2,0.0,,0.059881292283535004,0.9943174000001234,2026-01-19T23:07:12.303420
2880,8,134,0,0.0,,0.058830659836530685,0.9942976000001238,2026-01-19T23:07:12.310586
2890,8,144,2,0.0,,0.059527553617954254,0.9942778000001242,2026-01-19T23:07:12.317602
2900,8,154,0,0.0,,0.059328507632017136,0.9942580000001247,2026-01-19T23:07:12.324623
2910,8,164,5,0.0,,0.059255823493003845,0.9942382000001251,2026-01-19T23:07:12.332078
2920,8,174,2,0.0,,0.0592753104865551,0.9942184000001255,2026-01-19T23:07:12.339393
2930,8,184,4,0.0,,0.0592200830578804,0.9941986000001259,2026-01-19T23:07:12.346429
2940,8,194,3,0.0,,0.059276703745126724,0.9941788000001264,2026-01-19T23:07:12.353201
2950,8,204,2,0.0,,0.05910179018974304,0.9941590000001268,2026-01-19T23:07:12.360417
2960,8,214,4,0.0,,0.05879785865545273,0.9941392000001272,2026-01-19T23:07:12.367160
2970,8,224,1,0.0,,0.05837095156311989,0.9941194000001277,2026-01-19T23:07:12.373773
2980,8,234,1,0.0,,0.05890410393476486,0.9940996000001281,2026-01-19T23:07:12.385548
2990,8,244,0,0.0,,0.058921974152326584,0.9940798000001285,2026-01-19T23:07:12.395800
3000,8,254,1,0.0,,0.05890185758471489,0.994060000000129,2026-01-19T23:07:12.405084
3010,8,264,4,0.0,,0.0590139664709568,0.9940402000001294,2026-01-19T23:07:12.413697
3020,8,274,1,0.0,,0.05885844677686691,0.9940204000001298,2026-01-19T23:07:12.420747
3030,8,284,3,0.0,,0.05888300761580467,0.9940006000001302,2026-01-19T23:07:12.428808
3040,8,294,0,0.0,,0.05847755819559097,0.9939808000001307,2026-01-19T23:07:12.435876
3050,9,1,4,0.0,,0.058556728065013885,0.9939610000001311,2026-01-19T23:07:12.451190
3060,9,11,4,0.0,,0.05861080810427666,0.9939412000001315,2026-01-19T23:07:12.458059
3070,9,21,5,0.0,,0.05853552743792534,0.993921400000132,2026-01-19T23:07:12.464971
3080,9,31,2,0.0,,0.05871141701936722,0.9939016000001324,2026-01-19T23:07:12.472032
3090,9,41,0,0.0,,0.05877862870693207,0.9938818000001328,2026-01-19T23:07:12.478843
3100,9,51,3,0.0,,0.058937590569257736,0.9938620000001332,2026-01-19T23:07:12.486057
3110,9,61,5,0.0,,0.05905251204967499,0.9938422000001337,2026-01-19T23:07:12.493018
3120,9,71,5,0.0,,0.05904410779476166,0.9938224000001341,2026-01-19T23:07:12.499770
3130,9,81,4,0.0,,0.05887386202812195,0.9938026000001345,2026-01-19T23:07:12.506705
3140,9,91,1,0.0,,0.05943552777171135,0.993782800000135,2026-01-19T23:07:12.515740
3150,9,101,0,0.0,,0.058760978281497955,0.9937630000001354,2026-01-19T23:07:12.524236
3160,9,111,3,0.0,,0.05823753774166107,0.9937432000001358,2026-01-19T23:07:12.531964
3170,9,121,0,0.0,,0.05867178738117218,0.9937234000001363,2026-01-19T23:07:12.540389
3180,9,131,3,0.0,,0.05892208218574524,0.9937036000001367,2026-01-19T23:07:12.549712
3190,9,141,0,0.0,,0.05814126878976822,0.9936838000001371,2026-01-19T23:07:12.557061
3200,9,151,1,0.0,,0.058838896453380585,0.9936640000001375,2026-01-19T23:07:12.563834
3210,9,161,3,0.0,,0.05855150148272514,0.993644200000138,2026-01-19T23:07:12.570247
3220,9,171,2,0.0,,0.058739759027957916,0.9936244000001384,2026-01-19T23:07:12.577710
3230,9,181,5,0.0,,0.058556199073791504,0.9936046000001388,2026-01-19T23:07:12.583801
3240,9,191,1,0.0,,0.05851195007562637,0.9935848000001393,2026-01-19T23:07:12.590000
3250,9,201,1,0.0,,0.058911532163619995,0.9935650000001397,2026-01-19T23:07:12.596642
3260,9,211,4,0.0,,0.05904495716094971,0.9935452000001401,2026-01-19T23:07:12.603312
3270,9,221,1,0.0,,0.05901952087879181,0.9935254000001406,2026-01-19T23:07:12.609878
3280,9,231,2,0.0,,0.058949343860149384,0.993505600000141,2026-01-19T23:07:12.616383
3290,9,241,3,0.0,,0.05894031375646591,0.9934858000001414,2026-01-19T23:07:12.622937
3300,9,251,4,0.0,,0.058932650834321976,0.9934660000001418,2026-01-19T23:07:12.629428
3310,9,261,0,0.0,,0.05901366472244263,0.9934462000001423,2026-01-19T23:07:12.636342
3320,9,271,5,0.0,,0.05945809558033943,0.9934264000001427,2026-01-19T23:07:12.644396
3330,9,281,0,0.0,,0.05938377603888512,0.9934066000001431,2026-01-19T23:07:12.651602
3340,9,291,5,0.0,,0.0589226558804512,0.9933868000001436,2026-01-19T23:07:12.659887
3350,9,301,3,0.0,,0.058080755174160004,0.993367000000144,2026-01-19T23:07:12.666544
3360,9,311,1,0.0,,0.05908684432506561,0.9933472000001444,2026-01-19T23:07:12.673454
3370,9,321,4,0.0,,0.059245072305202484,0.9933274000001449,2026-01-19T23:07:12.680607
3380,9,331,5,0.0,,0.059177465736866,0.9933076000001453,2026-01-19T23:07:12.687874
3390,9,341,3,0.0,,0.05930488556623459,0.9932878000001457,2026-01-19T23:07:12.694752
3400,9,351,2,0.0,,0.05925046652555466,0.9932680000001461,2026-01-19T23:07:12.701347
3410,9,361,0,0.0,,0.05922749266028404,0.9932482000001466,2026-01-19T23:07:12.708017
3420,9,371,0,0.0,,0.05848575010895729,0.993228400000147,2026-01-19T23:07:12.716528
3430,9,381,5,0.0,,0.05968524515628815,0.9932086000001474,2026-01-19T23:07:12.723750
3440,9,391,0,0.0,,0.05854876711964607,0.9931888000001479,2026-01-19T23:07:12.731746
3450,9,401,3,0.0,,0.05863156169652939,0.9931690000001483,2026-01-19T23:07:12.740164
3460,9,411,2,0.0,,0.058500852435827255,0.9931492000001487,2026-01-19T23:07:12.748374
3470,9,421,0,0.0,,0.058557167649269104,0.9931294000001492,2026-01-19T23:07:12.756573
3480,9,431,3,0.0,,0.059116430580616,0.9931096000001496,2026-01-19T23:07:12.763599
3490,9,441,5,0.0,,0.05855130776762962,0.99308980000015,2026-01-19T23:07:12.770257
3500,9,451,0,0.0,,0.05923962965607643,0.9930700000001504,2026-01-19T23:07:12.776760
3510,10,5,5,0.0,,0.058488424867391586,0.9930502000001509,2026-01-19T23:07:12.791511
3520,10,15,5,0.0,,0.058623261749744415,0.9930304000001513,2026-01-19T23:07:12.799715
3530,10,25,0,0.0,,0.05857757478952408,0.9930106000001517,2026-01-19T23:07:12.807102
3540,10,35,5,0.0,,0.05872541666030884,0.9929908000001522,2026-01-19T23:07:12.813936
3550,10,45,4,25.0,,0.058451101183891296,0.9929710000001526,2026-01-19T23:07:12.820763
3560,10,55,4,0.0,,0.05823525786399841,0.992951200000153,2026-01-19T23:07:12.827788
3570,10,65,2,0.0,,0.05906490981578827,0.9929314000001535,2026-01-19T23:07:12.834195
3580,10,75,1,0.0,,0.05945520102977753,0.9929116000001539,2026-01-19T23:07:12.842638
3590,10,85,0,0.0,,0.05973685160279274,0.9928918000001543,2026-01-19T23:07:12.850652
3600,10,95,3,0.0,,0.05962604284286499,0.9928720000001547,2026-01-19T23:07:12.858929
3610,10,105,0,0.0,,0.05962713062763214,0.9928522000001552,2026-01-19T23:07:12.866934
3620,10,115,2,0.0,,0.05960007756948471,0.9928324000001556,2026-01-19T23:07:12.875977
3630,10,125,5,0.0,,0.059738773852586746,0.992812600000156,2026-01-19T23:07:12.884498
3640,10,135,1,0.0,,0.05845381319522858,0.9927928000001565,2026-01-19T23:07:12.893009
3650,10,145,1,0.0,,0.059094615280628204,0.9927730000001569,2026-01-19T23:07:12.902398
3660,10,155,1,0.0,,0.059903692454099655,0.9927532000001573,2026-01-19T23:07:12.911587
3670,10,165,2,0.0,,0.05934588238596916,0.9927334000001578,2026-01-19T23:07:12.922539
3680,10,175,1,0.0,,0.059494562447071075,0.9927136000001582,2026-01-19T23:07:12.931861
3690,10,185,5,0.0,,0.05904458463191986,0.9926938000001586,2026-01-19T23:07:12.941169
3700,10,195,5,0.0,,0.059352509677410126,0.992674000000159,2026-01-19T23:07:12.951189
3710,10,205,4,0.0,,0.05930439382791519,0.9926542000001595,2026-01-19T23:07:12.959738
3720,10,215,5,0.0,,0.05915658921003342,0.9926344000001599,2026-01-19T23:07:12.968632
3730,10,225,1,0.0,,0.05923949554562569,0.9926146000001603,2026-01-19T23:07:12.977156
3740,10,235,3,0.0,,0.058536347001791,0.9925948000001608,2026-01-19T23:07:12.986014
3750,10,245,2,0.0,,0.05982757359743118,0.9925750000001612,2026-01-19T23:07:12.993890
3760,10,255,5,0.0,,0.05930658429861069,0.9925552000001616,2026-01-19T23:07:13.001090
3770,10,265,5,0.0,,0.058794815093278885,0.992535400000162,2026-01-19T23:07:13.007962
3780,10,275,1,0.0,,0.059105176478624344,0.9925156000001625,2026-01-19T23:07:13.015404
3790,10,285,3,0.0,,0.05928574874997139,0.9924958000001629,2026-01-19T23:07:13.023028
3800,10,295,0,0.0,,0.05920334905385971,0.9924760000001633,2026-01-19T23:07:13.030213
3810,10,305,1,0.0,,0.05923635512590408,0.9924562000001638,2026-01-19T23:07:13.037001
3820,10,315,4,0.0,,0.059531450271606445,0.9924364000001642,2026-01-19T23:07:13.043967
3830,10,325,0,0.0,,0.059382643550634384,0.9924166000001646,2026-01-19T23:07:13.050778
3840,10,335,2,0.0,,0.0586785227060318,0.9923968000001651,2026-01-19T23:07:13.058115
3850,10,345,4,0.0,,0.05894147977232933,0.9923770000001655,2026-01-19T23:07:13.064603
3860,11,9,0,0.0,,0.05851022154092789,0.9923572000001659,2026-01-19T23:07:13.080328
3870,11,19,2,0.0,,0.058619577437639236,0.9923374000001663,2026-01-19T23:07:13.088242
3880,11,29,4,0.0,,0.05858014523983002,0.9923176000001668,2026-01-19T23:07:13.095646
3890,11,39,3,0.0,,0.05842519924044609,0.9922978000001672,2026-01-19T23:07:13.102523
3900,11,49,5,0.0,,0.05924435704946518,0.9922780000001676,2026-01-19T23:07:13.109555
3910,11,59,0,0.0,,0.0591525174677372,0.9922582000001681,2026-01-19T23:07:13.116324
3920,11,69,1,0.0,,0.05920889228582382,0.9922384000001685,2026-01-19T23:07:13.123568
3930,11,79,5,0.0,,0.059459783136844635,0.9922186000001689,2026-01-19T23:07:13.130342
3940,11,89,2,0.0,,0.059706348925828934,0.9921988000001694,2026-01-19T23:07:13.137429
3950,11,99,2,0.0,,0.059723831713199615,0.9921790000001698,2026-01-19T23:07:13.144282
3960,11,109,4,0.0,,0.05972860008478165,0.9921592000001702,2026-01-19T23:07:13.151424
3970,11,119,2,0.0,,0.06000703573226929,0.9921394000001706,2026-01-19T23:07:13.158518
3980,11,129,3,0.0,,0.059850651770830154,0.9921196000001711,2026-01-19T23:07:13.166252
3990,11,139,0,0.0,,0.05899788811802864,0.9920998000001715,2026-01-19T23:07:13.173175
4000,11,149,3,0.0,,0.05909350514411926,0.9920800000001719,2026-01-19T23:07:13.180578
4010,11,159,2,0.0,,0.05954274535179138,0.9920602000001724,2026-01-19T23:07:13.187386
4020,11,169,0,0.0,,0.05899173393845558,0.9920404000001728,2026-01-19T23:07:13.194404
4030,11,179,3,0.0,,0.06017060950398445,0.9920206000001732,2026-01-19T23:07:13.201602
4040,11,189,3,0.0,,0.0583595409989357,0.9920008000001737,2026-01-19T23:07:13.208634
4050,11,199,4,0.0,,0.05882852524518967,0.9919810000001741,2026-01-19T23:07:13.216018
4060,11,209,2,0.0,,0.05935267359018326,0.9919612000001745,2026-01-19T23:07:13.222717
4070,11,219,2,0.0,,0.05945507809519768,0.9919414000001749,2026-01-19T23:07:13.229853
4080,11,229,5,0.0,,0.05957582965493202,0.9919216000001754,2026-01-19T23:07:13.236984
4090,11,239,1,0.0,,0.059436995536088943,0.9919018000001758,2026-01-19T23:07:13.243968
4100,11,249,5,0.0,,0.05953998863697052,0.9918820000001762,2026-01-19T23:07:13.250958
4110,11,259,5,0.0,,0.05953642725944519,0.9918622000001767,2026-01-19T23:07:13.257869
4120,11,269,1,0.0,,0.05977786332368851,0.9918424000001771,2026-01-19T23:07:13.264794
4130,11,279,0,0.0,,0.060090869665145874,0.9918226000001775,2026-01-19T23:07:13.272570
4140,11,289,0,0.0,,0.05880644917488098,0.991802800000178,2026-01-19T23:07:13.280019
4150,11,299,3,0.0,,0.05975745990872383,0.9917830000001784,2026-01-19T23:07:13.287098
4160,11,309,3,0.0,,0.05922584980726242,0.9917632000001788,2026-01-19T23:07:13.293944
4170,11,319,5,0.0,,0.059321608394384384,0.9917434000001792,2026-01-19T23:07:13.300075
4180,11,329,2,0.0,,0.05930182710289955,0.9917236000001797,2026-01-19T23:07:13.306662
4190,11,339,0,0.0,,0.05930663272738457,0.9917038000001801,2026-01-19T23:07:13.313440
4200,11,349,0,0.0,,0.05934338644146919,0.9916840000001805,2026-01-19T23:07:13.319918
4210,11,359,4,0.0,,0.05907236039638519,0.991664200000181,2026-01-19T23:07:13.326582
4220,11,369,1,0.0,,0.05910972133278847,0.9916444000001814,2026-01-19T23:07:13.333139
4230,12,5,3,0.0,,0.058488424867391586,0.9916246000001818,2026-01-19T23:07:13.348675
4240,12,15,1,0.0,,0.058623261749744415,0.9916048000001823,2026-01-19T23:07:13.355791
4250,12,25,1,0.0,,0.05857757478952408,0.9915850000001827,2026-01-19T23:07:13.363131
4260,12,35,0,0.0,,0.05872541666030884,0.9915652000001831,2026-01-19T23:07:13.370213
4270,12,45,4,0.0,,0.058802567422389984,0.9915454000001835,2026-01-19T23:07:13.377418
4280,12,55,3,0.0,,0.058836761862039566,0.991525600000184,2026-01-19T23:07:13.385640
4290,12,65,3,0.0,,0.0591341033577919,0.9915058000001844,2026-01-19T23:07:13.394444
4300,12,75,2,0.0,,0.059165108948946,0.9914860000001848,2026-01-19T23:07:13.402351
4310,12,85,0,0.0,,0.0591750331223011,0.9914662000001853,2026-01-19T23:07:13.409823
4320,12,95,3,0.0,,0.05921078473329544,0.9914464000001857,2026-01-19T23:07:13.417170
4330,12,105,1,0.0,,0.05921142175793648,0.9914266000001861,2026-01-19T23:07:13.424379
4340,12,115,1,0.0,,0.05915740877389908,0.9914068000001865,2026-01-19T23:07:13.431299
4350,12,125,3,0.0,,0.059446219354867935,0.991387000000187,2026-01-19T23:07:13.438281
4360,12,135,2,0.0,,0.05898555368185043,0.9913672000001874,2026-01-19T23:07:13.445028
4370,12,145,4,0.0,,0.05896839126944542,0.9913474000001878,2026-01-19T23:07:13.452143
4380,12,155,4,0.0,,0.05895847827196121,0.9913276000001883,2026-01-19T23:07:13.459097
4390,12,165,4,0.0,,0.05853854864835739,0.9913078000001887,2026-01-19T23:07:13.467178
4400,12,175,1,0.0,,0.059234507381916046,0.9912880000001891,2026-01-19T23:07:13.474300
4410,12,185,3,0.0,,0.059239234775304794,0.9912682000001896,2026-01-19T23:07:13.481394
4420,12,195,1,0.0,,0.05940213054418564,0.99124840000019,2026-01-19T23:07:13.488556
4430,12,205,5,0.0,,0.05923847481608391,0.9912286000001904,2026-01-19T23:07:13.495562
4440,12,215,1,0.0,,0.05919765308499336,0.9912088000001908,2026-01-19T23:07:13.501993
4450,12,225,1,0.0,,0.05969604104757309,0.9911890000001913,2026-01-19T23:07:13.508730
4460,12,235,5,0.0,,0.05939994007349014,0.9911692000001917,2026-01-19T23:07:13.515986
4470,12,245,1,0.0,,0.05849664285778999,0.9911494000001921,2026-01-19T23:07:13.522639
4480,12,255,4,0.0,,0.05908019095659256,0.9911296000001926,2026-01-19T23:07:13.529783
4490,13,2,3,0.0,,0.058571457862854004,0.991109800000193,2026-01-19T23:07:13.545807
4500,13,12,2,0.0,,0.05854742228984833,0.9910900000001934,2026-01-19T23:07:13.553669
4510,13,22,4,0.0,,0.058628667145967484,0.9910702000001939,2026-01-19T23:07:13.560761
4520,13,32,5,0.0,,0.05861598625779152,0.9910504000001943,2026-01-19T23:07:13.568871
4530,13,42,5,0.0,,0.058881621807813644,0.9910306000001947,2026-01-19T23:07:13.577501
4540,13,52,5,0.0,,0.05900245159864426,0.9910108000001951,2026-01-19T23:07:13.584308
4550,13,62,2,0.0,,0.05884284898638725,0.9909910000001956,2026-01-19T23:07:13.591558
4560,13,72,5,0.0,,0.059554070234298706,0.990971200000196,2026-01-19T23:07:13.599064
4570,13,82,5,0.0,,0.05940936505794525,0.9909514000001964,2026-01-19T23:07:13.606128
4580,13,92,0,0.0,,0.05933907628059387,0.9909316000001969,2026-01-19T23:07:13.613066
4590,13,102,1,0.0,,0.05935503542423248,0.9909118000001973,2026-01-19T23:07:13.621643
4600,13,112,0,0.0,,0.059435464441776276,0.9908920000001977,2026-01-19T23:07:13.631079
4610,13,122,3,0.0,,0.05961185693740845,0.9908722000001982,2026-01-19T23:07:13.638820
4620,13,132,2,25.0,,0.0589192733168602,0.9908524000001986,2026-01-19T23:07:13.646094
4630,13,142,5,0.0,,0.058620207011699677,0.990832600000199,2026-01-19T23:07:13.655114
4640,13,152,2,0.0,,0.0598035529255867,0.9908128000001994,2026-01-19T23:07:13.663486
4650,13,162,0,0.0,,0.059335142374038696,0.9907930000001999,2026-01-19T23:07:13.671606
4660,13,172,2,0.0,,0.05924570560455322,0.9907732000002003,2026-01-19T23:07:13.678983
4670,13,182,5,0.0,,0.059200018644332886,0.9907534000002007,2026-01-19T23:07:13.687553
4680,13,192,2,0.0,,0.05923352390527725,0.9907336000002012,2026-01-19T23:07:13.696207
4690,13,202,5,0.0,,0.05928584560751915,0.9907138000002016,2026-01-19T23:07:13.703433
4700,13,212,2,0.0,,0.05903810262680054,0.990694000000202,2026-01-19T23:07:13.711640
4710,13,222,1,0.0,,0.059465549886226654,0.9906742000002025,2026-01-19T23:07:13.726469
4720,13,232,4,0.0,,0.058169424533843994,0.9906544000002029,2026-01-19T23:07:13.734743
4730,13,242,2,0.0,,0.06000932678580284,0.9906346000002033,2026-01-19T23:07:13.742731
4740,13,252,0,0.0,,0.05988609790802002,0.9906148000002037,2026-01-19T23:07:13.751957
4750,13,262,4,0.0,,0.05989539623260498,0.9905950000002042,2026-01-19T23:07:13.760701
4760,13,272,0,0.0,,0.05966775119304657,0.9905752000002046,2026-01-19T23:07:13.768851
4770,13,282,2,0.0,,0.05915706977248192,0.990555400000205,2026-01-19T23:07:13.776989
4780,13,292,5,0.0,,0.05903254821896553,0.9905356000002055,2026-01-19T23:07:13.784538
4790,13,302,1,0.0,,0.05940431356430054,0.9905158000002059,2026-01-19T23:07:13.792052
4800,13,312,1,0.0,,0.058933526277542114,0.9904960000002063,2026-01-19T23:07:13.799427
4810,13,322,4,0.0,,0.05862610042095184,0.9904762000002068,2026-01-19T23:07:13.806898
4820,13,332,0,0.0,,0.0589798167347908,0.9904564000002072,2026-01-19T23:07:13.813856
4830,14,4,5,0.0,,0.05852194130420685,0.9904366000002076,2026-01-19T23:07:13.829730
4840,14,14,2,0.0,,0.058594830334186554,0.990416800000208,2026-01-19T23:07:13.838138
4850,14,24,0,0.0,,0.058585118502378464,0.9903970000002085,2026-01-19T23:07:13.846028
4860,14,34,1,0.0,,0.0586862713098526,0.9903772000002089,2026-01-19T23:07:13.853481
4870,14,44,0,0.0,,0.05845549702644348,0.9903574000002093,2026-01-19T23:07:13.860038
4880,14,54,5,0.0,,0.059158630669116974,0.9903376000002098,2026-01-19T23:07:13.866773
4890,14,64,3,0.0,,0.0583040714263916,0.9903178000002102,2026-01-19T23:07:13.873891
4900,14,74,0,0.0,,0.059014808386564255,0.9902980000002106,2026-01-19T23:07:13.881180
4910,14,84,0,0.0,,0.05945340543985367,0.990278200000211,2026-01-19T23:07:13.888945
4920,14,94,5,0.0,,0.059282924979925156,0.9902584000002115,2026-01-19T23:07:13.896841
4930,14,104,0,0.0,,0.058913446962833405,0.9902386000002119,2026-01-19T23:07:13.903522
4940,14,114,1,0.0,,0.05908238887786865,0.9902188000002123,2026-01-19T23:07:13.910248
4950,14,124,2,0.0,,0.05960647761821747,0.9901990000002128,2026-01-19T23:07:13.917779
4960,14,134,1,0.0,,0.058974966406822205,0.9901792000002132,2026-01-19T23:07:13.924442
4970,14,144,5,0.0,,0.05950738117098808,0.9901594000002136,2026-01-19T23:07:13.933132
4980,14,154,2,0.0,,0.058740075677633286,0.9901396000002141,2026-01-19T23:07:13.939556
4990,14,164,2,25.0,,0.05839134007692337,0.9901198000002145,2026-01-19T23:07:13.947684
5000,14,174,1,0.0,,0.05825144052505493,0.9901000000002149,2026-01-19T23:07:13.955909
5010,14,184,2,0.0,,0.0580935999751091,0.9900802000002153,2026-01-19T23:07:13.962905
5020,14,194,3,0.0,,0.0589800626039505,0.9900604000002158,2026-01-19T23:07:13.970141
5030,14,204,2,0.0,,0.05904553458094597,0.9900406000002162,2026-01-19T23:07:13.977957
5040,14,214,4,0.0,,0.0587848536670208,0.9900208000002166,2026-01-19T23:07:13.984865
5050,14,224,4,0.0,,0.059112548828125,0.9900010000002171,2026-01-19T23:07:13.991440
5060,14,234,3,0.0,,0.05862243473529816,0.9899812000002175,2026-01-19T23:07:13.997672
5070,14,244,2,0.0,,0.059334538877010345,0.9899614000002179,2026-01-19T23:07:14.004437
5080,14,254,0,0.0,,0.0587826743721962,0.9899416000002184,2026-01-19T23:07:14.011626
5090,14,264,1,0.0,,0.05879483371973038,0.9899218000002188,2026-01-19T23:07:14.019847
5100,14,274,0,0.0,,0.058652911335229874,0.9899020000002192,2026-01-19T23:07:14.026422
5110,14,284,1,0.0,,0.058854397386312485,0.9898822000002196,2026-01-19T23:07:14.033254
5120,14,294,5,0.0,,0.05867733061313629,0.9898624000002201,2026-01-19T23:07:14.040117
5130,14,304,5,0.0,,0.05878084897994995,0.9898426000002205,2026-01-19T23:07:14.046995
5140,14,314,2,0.0,,0.05893705040216446,0.9898228000002209,2026-01-19T23:07:14.053782
5150,14,324,2,0.0,,0.059197623282670975,0.9898030000002214,2026-01-19T23:07:14.060761
5160,14,334,0,0.0,,0.05820697546005249,0.9897832000002218,2026-01-19T23:07:14.067851
5170,14,344,0,0.0,,0.05826655030250549,0.9897634000002222,2026-01-19T23:07:14.076184
5180,15,1,3,0.0,,0.058556728065013885,0.9897436000002227,2026-01-19T23:07:14.090757
5190,15,11,0,0.0,,0.05861080810427666,0.9897238000002231,2026-01-19T23:07:14.100488
5200,15,21,0,0.0,,0.05853552743792534,0.9897040000002235,2026-01-19T23:07:14.109037
5210,15,31,2,0.0,,0.05871141701936722,0.989684200000224,2026-01-19T23:07:14.116183
5220,15,41,0,0.0,,0.05880527198314667,0.9896644000002244,2026-01-19T23:07:14.123217
5230,15,51,0,0.0,,0.0585995651781559,0.9896446000002248,2026-01-19T23:07:14.130134
5240,15,61,2,0.0,,0.05836682394146919,0.9896248000002252,2026-01-19T23:07:14.136717
5250,15,71,2,0.0,,0.05915646627545357,0.9896050000002257,2026-01-19T23:07:14.145258
5260,15,81,5,0.0,,0.05914981663227081,0.9895852000002261,2026-01-19T23:07:14.152218
5270,15,91,4,0.0,,0.05921480059623718,0.9895654000002265,2026-01-19T23:07:14.159026
5280,15,101,3,0.0,,0.05922369658946991,0.989545600000227,2026-01-19T23:07:14.166757
5290,15,111,1,0.0,,0.059210143983364105,0.9895258000002274,2026-01-19T23:07:14.173706
5300,15,121,1,0.0,,0.05908706411719322,0.9895060000002278,2026-01-19T23:07:14.180570
5310,15,131,4,0.0,,0.058673739433288574,0.9894862000002282,2026-01-19T23:07:14.187948
5320,15,141,0,0.0,,0.058653078973293304,0.9894664000002287,2026-01-19T23:07:14.195981
5330,15,151,0,0.0,,0.05874797701835632,0.9894466000002291,2026-01-19T23:07:14.203792
5340,15,161,2,0.0,,0.058851782232522964,0.9894268000002295,2026-01-19T23:07:14.210761
5350,15,171,5,0.0,,0.05919996649026871,0.98940700000023,2026-01-19T23:07:14.217701
5360,15,181,4,0.0,,0.05908561125397682,0.9893872000002304,2026-01-19T23:07:14.224719
5370,15,191,2,0.0,,0.05895798280835152,0.9893674000002308,2026-01-19T23:07:14.231491
5380,15,201,3,0.0,,0.05890827625989914,0.9893476000002313,2026-01-19T23:07:14.237507
5390,15,211,0,0.0,,0.05904350429773331,0.9893278000002317,2026-01-19T23:07:14.244136
5400,15,221,3,0.0,,0.05919863283634186,0.9893080000002321,2026-01-19T23:07:14.251287
5410,15,231,1,0.0,,0.059279441833496094,0.9892882000002325,2026-01-19T23:07:14.259343
5420,15,241,5,0.0,,0.058536916971206665,0.989268400000233,2026-01-19T23:07:14.266988
5430,16,0,0,0.0,,0.058618102222681046,0.9892486000002334,2026-01-19T23:07:14.283359
5440,16,10,2,0.0,,0.058572255074977875,0.9892288000002338,2026-01-19T23:07:14.290869
5450,16,20,3,0.0,,0.058557815849781036,0.9892090000002343,2026-01-19T23:07:14.298389
5460,16,30,5,0.0,,0.058683834969997406,0.9891892000002347,2026-01-19T23:07:14.307493
5470,16,40,1,0.0,,0.058304764330387115,0.9891694000002351,2026-01-19T23:07:14.313736
5480,16,50,3,0.0,,0.05905627831816673,0.9891496000002356,2026-01-19T23:07:14.319980
5490,16,60,1,0.0,,0.05872591584920883,0.989129800000236,2026-01-19T23:07:14.326840
5500,16,70,4,0.0,,0.060199737548828125,0.9891100000002364,2026-01-19T23:07:14.334022
5510,16,80,2,0.0,,0.059268370270729065,0.9890902000002368,2026-01-19T23:07:14.341192
5520,16,90,3,0.0,,0.05945327877998352,0.9890704000002373,2026-01-19T23:07:14.347408
5530,16,100,2,0.0,,0.05946812406182289,0.9890506000002377,2026-01-19T23:07:14.354046
5540,16,110,4,0.0,,0.059348031878471375,0.9890308000002381,2026-01-19T23:07:14.360924
5550,16,120,0,0.0,,0.059688400477170944,0.9890110000002386,2026-01-19T23:07:14.368082
5560,16,130,0,0.0,,0.059507548809051514,0.988991200000239,2026-01-19T23:07:14.375947
5570,16,140,2,0.0,,0.058127354830503464,0.9889714000002394,2026-01-19T23:07:14.387181
5580,16,150,2,0.0,,0.05909861996769905,0.9889516000002398,2026-01-19T23:07:14.396285
5590,16,160,0,0.0,,0.05926669389009476,0.9889318000002403,2026-01-19T23:07:14.405013
5600,16,170,3,0.0,,0.05929743871092796,0.9889120000002407,2026-01-19T23:07:14.413974
5610,16,180,4,0.0,,0.05920802056789398,0.9888922000002411,2026-01-19T23:07:14.424681
5620,16,190,4,0.0,,0.059266749769449234,0.9888724000002416,2026-01-19T23:07:14.436250
5630,16,200,2,0.0,,0.059257544577121735,0.988852600000242,2026-01-19T23:07:14.444501
5640,16,210,0,0.0,,0.05873021110892296,0.9888328000002424,2026-01-19T23:07:14.453595
5650,16,220,2,0.0,,0.05966763198375702,0.9888130000002429,2026-01-19T23:07:14.463191
5660,16,230,1,0.0,,0.059091515839099884,0.9887932000002433,2026-01-19T23:07:14.471910
5670,16,240,1,0.0,,0.05899357423186302,0.9887734000002437,2026-01-19T23:07:14.480827
5680,16,250,2,0.0,,0.059672556817531586,0.9887536000002441,2026-01-19T23:07:14.490833
5690,16,260,5,0.0,,0.05932113528251648,0.9887338000002446,2026-01-19T23:07:14.499647
5700,16,270,5,0.0,,0.05921553075313568,0.988714000000245,2026-01-19T23:07:14.508024
5710,16,280,2,0.0,,0.05923650786280632,0.9886942000002454,2026-01-19T23:07:14.516098
5720,16,290,1,0.0,,0.05907905101776123,0.9886744000002459,2026-01-19T23:07:14.525188
5730,16,300,4,0.0,,0.059148333966732025,0.9886546000002463,2026-01-19T23:07:14.533615
5740,16,310,4,0.0,,0.059058621525764465,0.9886348000002467,2026-01-19T23:07:14.541866
5750,16,320,3,0.0,,0.05949508398771286,0.9886150000002472,2026-01-19T23:07:14.550629
5760,16,330,4,0.0,,0.05856477841734886,0.9885952000002476,2026-01-19T23:07:14.557985
5770,16,340,2,0.0,,0.05924578383564949,0.988575400000248,2026-01-19T23:07:14.565082
5780,16,350,0,0.0,,0.05932914838194847,0.9885556000002484,2026-01-19T23:07:14.571870
5790,17,6,5,0.0,,0.05854997783899307,0.9885358000002489,2026-01-19T23:07:14.587957
5800,17,16,2,0.0,,0.05855835974216461,0.9885160000002493,2026-01-19T23:07:14.595585
5810,17,26,3,0.0,,0.0586446076631546,0.9884962000002497,2026-01-19T23:07:14.602110
5820,17,36,3,0.0,,0.05861775577068329,0.9884764000002502,2026-01-19T23:07:14.608177
5830,17,46,1,0.0,,0.05842869356274605,0.9884566000002506,2026-01-19T23:07:14.615173
5840,17,56,5,0.0,,0.05856335908174515,0.988436800000251,2026-01-19T23:07:14.621406
5850,17,66,0,0.0,,0.05898816138505936,0.9884170000002515,2026-01-19T23:07:14.628206
5860,17,76,3,0.0,,0.05912274867296219,0.9883972000002519,2026-01-19T23:07:14.635556
5870,17,86,2,0.0,,0.05924544483423233,0.9883774000002523,2026-01-19T23:07:14.642732
5880,17,96,3,0.0,,0.059133727103471756,0.9883576000002527,2026-01-19T23:07:14.649367
5890,17,106,0,0.0,,0.05917768180370331,0.9883378000002532,2026-01-19T23:07:14.655809
5900,17,116,0,0.0,,0.05935335159301758,0.9883180000002536,2026-01-19T23:07:14.662835
5910,17,126,4,0.0,,0.05939873307943344,0.988298200000254,2026-01-19T23:07:14.669828
5920,17,136,4,0.0,,0.05797616392374039,0.9882784000002545,2026-01-19T23:07:14.680660
5930,17,146,2,0.0,,0.058990392833948135,0.9882586000002549,2026-01-19T23:07:14.688311
5940,17,156,3,0.0,,0.059131279587745667,0.9882388000002553,2026-01-19T23:07:14.695846
5950,17,166,5,0.0,,0.05910852551460266,0.9882190000002558,2026-01-19T23:07:14.702968
5960,17,176,5,0.0,,0.059069931507110596,0.9881992000002562,2026-01-19T23:07:14.710187
5970,17,186,1,0.0,,0.059044040739536285,0.9881794000002566,2026-01-19T23:07:14.716619
5980,17,196,0,0.0,,0.05907149612903595,0.988159600000257,2026-01-19T23:07:14.723465
5990,17,206,1,0.0,,0.058979302644729614,0.9881398000002575,2026-01-19T23:07:14.730564
6000,17,216,4,0.0,,0.05881780758500099,0.9881200000002579,2026-01-19T23:07:14.742492
6010,17,226,2,0.0,,0.05856149271130562,0.9881002000002583,2026-01-19T23:07:14.749892
6020,17,236,3,0.0,,0.05870010703802109,0.9880804000002588,2026-01-19T23:07:14.756979
6030,17,246,0,0.0,,0.05869495868682861,0.9880606000002592,2026-01-19T23:07:14.764017
6040,17,256,0,0.0,,0.058761581778526306,0.9880408000002596,2026-01-19T23:07:14.771633
6050,17,266,3,0.0,,0.05876040831208229,0.98802100000026,2026-01-19T23:07:14.778745
6060,17,276,5,0.0,,0.058801066130399704,0.9880012000002605,2026-01-19T23:07:14.788385
6070,17,286,5,0.0,,0.058227941393852234,0.9879814000002609,2026-01-19T23:07:14.797777
6080,17,296,1,0.0,,0.05833763629198074,0.9879616000002613,2026-01-19T23:07:14.806494
6090,18,5,1,0.0,,0.058488424867391586,0.9879418000002618,2026-01-19T23:07:14.828822
6100,18,15,1,0.0,,0.058623261749744415,0.9879220000002622,2026-01-19T23:07:14.838830
6110,18,25,0,0.0,,0.05857757478952408,0.9879022000002626,2026-01-19T23:07:14.848068
6120,18,35,5,0.0,,0.05872541666030884,0.9878824000002631,2026-01-19T23:07:14.857204
6130,18,45,5,0.0,,0.05880918353796005,0.9878626000002635,2026-01-19T23:07:14.865989
6140,18,55,3,0.0,,0.05904480814933777,0.9878428000002639,2026-01-19T23:07:14.875437
6150,18,65,4,0.0,,0.05926016718149185,0.9878230000002644,2026-01-19T23:07:14.887866
6160,18,75,0,0.0,,0.05938667058944702,0.9878032000002648,2026-01-19T23:07:14.897284
6170,18,85,1,0.0,,0.0592525340616703,0.9877834000002652,2026-01-19T23:07:14.909251
6180,18,95,0,0.0,,0.05956928804516792,0.9877636000002656,2026-01-19T23:07:14.918056
6190,18,105,5,0.0,,0.05871265009045601,0.9877438000002661,2026-01-19T23:07:14.930987
6200,18,115,0,0.0,,0.058779068291187286,0.9877240000002665,2026-01-19T23:07:14.940391
6210,18,125,4,0.0,,0.058526165783405304,0.9877042000002669,2026-01-19T23:07:14.950566
6220,18,135,3,0.0,,0.05845479667186737,0.9876844000002674,2026-01-19T23:07:14.959173
6230,18,145,3,0.0,,0.059470806270837784,0.9876646000002678,2026-01-19T23:07:14.966710
6240,18,155,1,0.0,,0.059195928275585175,0.9876448000002682,2026-01-19T23:07:14.973081
6250,18,165,0,0.0,,0.05900368094444275,0.9876250000002686,2026-01-19T23:07:14.979676
6260,18,175,2,0.0,,0.05911260098218918,0.9876052000002691,2026-01-19T23:07:14.987549
6270,18,185,0,0.0,,0.05895589664578438,0.9875854000002695,2026-01-19T23:07:14.994968
6280,18,195,1,0.0,,0.05910197272896767,0.9875656000002699,2026-01-19T23:07:15.003624
6290,18,205,2,0.0,,0.058714788407087326,0.9875458000002704,2026-01-19T23:07:15.011399
6300,18,215,0,0.0,,0.05853390693664551,0.9875260000002708,2026-01-19T23:07:15.019762
6310,18,225,3,0.0,,0.058703403919935226,0.9875062000002712,2026-01-19T23:07:15.029139
6320,18,235,4,0.0,,0.05875096470117569,0.9874864000002717,2026-01-19T23:07:15.036598
6330,18,245,3,0.0,,0.058837056159973145,0.9874666000002721,2026-01-19T23:07:15.043479
6340,18,255,0,0.0,,0.05874534696340561,0.9874468000002725,2026-01-19T23:07:15.050338
6350,18,265,1,0.0,,0.05894332006573677,0.987427000000273,2026-01-19T23:07:15.057479
6360,18,275,4,0.0,,0.05882803723216057,0.9874072000002734,2026-01-19T23:07:15.064751
6370,18,285,1,0.0,,0.05878903716802597,0.9873874000002738,2026-01-19T23:07:15.072276
6380,18,295,1,0.0,,0.058681294322013855,0.9873676000002742,2026-01-19T23:07:15.080472
6390,18,305,5,0.0,,0.05832241475582123,0.9873478000002747,2026-01-19T23:07:15.091294
6400,18,315,1,0.0,,0.059985898435115814,0.9873280000002751,2026-01-19T23:07:15.099699
6410,18,325,1,0.0,,0.059540171176195145,0.9873082000002755,2026-01-19T23:07:15.110406
6420,18,335,2,0.0,,0.059546422213315964,0.987288400000276,2026-01-19T23:07:15.118663
6430,19,2,4,0.0,,0.058571457862854004,0.9872686000002764,2026-01-19T23:07:15.137091
6440,19,12,4,0.0,,0.05854742228984833,0.9872488000002768,2026-01-19T23:07:15.145636
6450,19,22,3,0.0,,0.058628667145967484,0.9872290000002772,2026-01-19T23:07:15.154470
6460,19,32,1,0.0,,0.05861598625779152,0.9872092000002777,2026-01-19T23:07:15.162133
6470,19,42,2,0.0,,0.05885890871286392,0.9871894000002781,2026-01-19T23:07:15.168866
6480,19,52,1,0.0,,0.058664046227931976,0.9871696000002785,2026-01-19T23:07:15.175954
6490,19,62,2,0.0,,0.058847177773714066,0.987149800000279,2026-01-19T23:07:15.182488
6500,19,72,0,0.0,,0.059103526175022125,0.9871300000002794,2026-01-19T23:07:15.189816
6510,19,82,2,0.0,,0.0592418871819973,0.9871102000002798,2026-01-19T23:07:15.196383
6520,19,92,4,0.0,,0.05917530134320259,0.9870904000002803,2026-01-19T23:07:15.203513
6530,19,102,3,0.0,,0.059190716594457626,0.9870706000002807,2026-01-19T23:07:15.210641
6540,19,112,4,0.0,,0.05927153304219246,0.9870508000002811,2026-01-19T23:07:15.218218
6550,19,122,4,0.0,,0.05942726880311966,0.9870310000002815,2026-01-19T23:07:15.226018
6560,19,132,2,0.0,,0.05823736637830734,0.987011200000282,2026-01-19T23:07:15.234922
6570,19,142,5,0.0,,0.059036947786808014,0.9869914000002824,2026-01-19T23:07:15.241860
6580,19,152,1,0.0,,0.05924983322620392,0.9869716000002828,2026-01-19T23:07:15.249762
6590,19,162,4,0.0,,0.05911008268594742,0.9869518000002833,2026-01-19T23:07:15.257714
6600,19,172,3,0.0,,0.059084050357341766,0.9869320000002837,2026-01-19T23:07:15.265253
6610,19,182,5,0.0,,0.05903226509690285,0.9869122000002841,2026-01-19T23:07:15.274800
6620,19,192,2,0.0,,0.05907290428876877,0.9868924000002846,2026-01-19T23:07:15.282549
6630,19,202,0,0.0,,0.058946214616298676,0.986872600000285,2026-01-19T23:07:15.290553
6640,19,212,2,0.0,,0.05862925946712494,0.9868528000002854,2026-01-19T23:07:15.298313
6650,19,222,5,0.0,,0.05874054133892059,0.9868330000002858,2026-01-19T23:07:15.305513
6660,19,232,5,0.0,,0.05875557288527489,0.9868132000002863,2026-01-19T23:07:15.312601
6670,19,242,5,0.0,,0.058682918548583984,0.9867934000002867,2026-01-19T23:07:15.319818
6680,19,252,4,0.0,,0.05874500051140785,0.9867736000002871,2026-01-19T23:07:15.327383
6690,19,262,2,0.0,,0.05873639136552811,0.9867538000002876,2026-01-19T23:07:15.334236
6700,19,272,1,0.0,,0.0586090013384819,0.986734000000288,2026-01-19T23:07:15.342407
6710,19,282,4,0.0,,0.05851110816001892,0.9867142000002884,2026-01-19T23:07:15.349892
6720,20,6,3,0.0,,0.05854997783899307,0.9866944000002889,2026-01-19T23:07:15.365997
6730,20,16,1,0.0,,0.05855835974216461,0.9866746000002893,2026-01-19T23:07:15.373402
6740,20,26,2,0.0,,0.0586446076631546,0.9866548000002897,2026-01-19T23:07:15.380898
6750,20,36,0,0.0,,0.05861775577068329,0.9866350000002901,2026-01-19T23:07:15.390591
6760,20,46,1,0.0,,0.05842869356274605,0.9866152000002906,2026-01-19T23:07:15.401373
6770,20,56,2,0.0,,0.05856335908174515,0.986595400000291,2026-01-19T23:07:15.409718
6780,20,66,1,0.0,,0.05898816138505936,0.9865756000002914,2026-01-19T23:07:15.419880
6790,20,76,3,0.0,,0.05912274867296219,0.9865558000002919,2026-01-19T23:07:15.428926
6800,20,86,0,0.0,,0.05924544483423233,0.9865360000002923,2026-01-19T23:07:15.437703
6810,20,96,4,0.0,,0.059133727103471756,0.9865162000002927,2026-01-19T23:07:15.446281
6820,20,106,2,0.0,,0.05917768180370331,0.9864964000002931,2026-01-19T23:07:15.455733
6830,20,116,4,0.0,,0.05935335159301758,0.9864766000002936,2026-01-19T23:07:15.464223
6840,20,126,0,0.0,,0.05930333584547043,0.986456800000294,2026-01-19T23:07:15.472856
6850,20,136,1,0.0,,0.05891167372465134,0.9864370000002944,2026-01-19T23:07:15.481310
6860,20,146,4,0.0,,0.05919754505157471,0.9864172000002949,2026-01-19T23:07:15.491150
6870,20,156,2,0.0,,0.059131279587745667,0.9863974000002953,2026-01-19T23:07:15.500041
6880,20,166,5,0.0,,0.05910852551460266,0.9863776000002957,2026-01-19T23:07:15.509263
6890,20,176,0,0.0,,0.059069931507110596,0.9863578000002962,2026-01-19T23:07:15.522480
6900,20,186,2,0.0,,0.059044040739536285,0.9863380000002966,2026-01-19T23:07:15.534351
6910,20,196,0,0.0,,0.05878911167383194,0.986318200000297,2026-01-19T23:07:15.548525
6920,20,206,2,0.0,,0.058979302644729614,0.9862984000002974,2026-01-19T23:07:15.564552
6930,20,216,3,0.0,,0.05881780758500099,0.9862786000002979,2026-01-19T23:07:15.574949
6940,20,226,1,0.0,,0.05856149271130562,0.9862588000002983,2026-01-19T23:07:15.584466
6950,20,236,0,0.0,,0.05870010703802109,0.9862390000002987,2026-01-19T23:07:15.597454
6960,20,246,4,0.0,,0.05869495868682861,0.9862192000002992,2026-01-19T23:07:15.606029
6970,20,256,5,0.0,,0.058761581778526306,0.9861994000002996,2026-01-19T23:07:15.617602
6980,20,266,1,0.0,,0.05876040831208229,0.9861796000003,2026-01-19T23:07:15.626763
6990,20,276,0,0.0,,0.058801066130399704,0.9861598000003005,2026-01-19T23:07:15.635783
7000,20,286,1,0.0,,0.0582474023103714,0.9861400000003009,2026-01-19T23:07:15.645427
7010,20,296,2,0.0,,0.059063684195280075,0.9861202000003013,2026-01-19T23:07:15.653140
7020,20,306,2,0.0,,0.058624573051929474,0.9861004000003017,2026-01-19T23:07:15.662715
7030,20,316,4,0.0,,0.05865876376628876,0.9860806000003022,2026-01-19T23:07:15.671373
7040,21,8,3,0.0,,0.05853450298309326,0.9860608000003026,2026-01-19T23:07:15.687743
7050,21,18,5,0.0,,0.05860724300146103,0.986041000000303,2026-01-19T23:07:15.696564
7060,21,28,3,0.0,,0.058591388165950775,0.9860212000003035,2026-01-19T23:07:15.704402
7070,21,38,0,0.0,,0.05852952599525452,0.9860014000003039,2026-01-19T23:07:15.711670
7080,21,48,0,0.0,,0.05855611711740494,0.9859816000003043,2026-01-19T23:07:15.719544
7090,21,58,4,0.0,,0.05872298777103424,0.9859618000003048,2026-01-19T23:07:15.728451
7100,21,68,5,0.0,,0.05857163667678833,0.9859420000003052,2026-01-19T23:07:15.735686
7110,21,78,2,0.0,,0.05916491150856018,0.9859222000003056,2026-01-19T23:07:15.742887
7120,21,88,5,0.0,,0.05895867198705673,0.985902400000306,2026-01-19T23:07:15.750150
7130,21,98,3,0.0,,0.0588349848985672,0.9858826000003065,2026-01-19T23:07:15.757655
7140,21,108,3,0.0,,0.05937629193067551,0.9858628000003069,2026-01-19T23:07:15.765278
7150,21,118,4,0.0,,0.05958694592118263,0.9858430000003073,2026-01-19T23:07:15.772564
7160,21,128,3,0.0,,0.05954907089471817,0.9858232000003078,2026-01-19T23:07:15.779582
7170,21,138,0,0.0,,0.05888577178120613,0.9858034000003082,2026-01-19T23:07:15.786773
7180,21,148,2,0.0,,0.0600748136639595,0.9857836000003086,2026-01-19T23:07:15.796461
7190,21,158,5,0.0,,0.05863252282142639,0.985763800000309,2026-01-19T23:07:15.804037
7200,21,168,4,0.0,,0.05830349773168564,0.9857440000003095,2026-01-19T23:07:15.811327
7210,21,178,3,0.0,,0.0584690123796463,0.9857242000003099,2026-01-19T23:07:15.819612
7220,21,188,5,25.0,,0.05901482328772545,0.9857044000003103,2026-01-19T23:07:15.827424
7230,21,198,1,0.0,,0.05909896641969681,0.9856846000003108,2026-01-19T23:07:15.835600
7240,21,208,5,0.0,,0.059370823204517365,0.9856648000003112,2026-01-19T23:07:15.844433
7250,21,218,3,0.0,,0.059294939041137695,0.9856450000003116,2026-01-19T23:07:15.852829
7260,21,228,3,0.0,,0.05937739461660385,0.9856252000003121,2026-01-19T23:07:15.860187
7270,21,238,1,0.0,,0.05916779860854149,0.9856054000003125,2026-01-19T23:07:15.867710
7280,21,248,4,0.0,,0.059186920523643494,0.9855856000003129,2026-01-19T23:07:15.875149
7290,21,258,4,0.0,,0.05925493314862251,0.9855658000003134,2026-01-19T23:07:15.882302
7300,21,268,3,0.0,,0.05906074494123459,0.9855460000003138,2026-01-19T23:07:15.889538
7310,21,278,5,0.0,,0.059221040457487106,0.9855262000003142,2026-01-19T23:07:15.896427
7320,21,288,1,0.0,,0.058978158980607986,0.9855064000003146,2026-01-19T23:07:15.904218
7330,21,298,0,0.0,,0.05876007676124573,0.9854866000003151,2026-01-19T23:07:15.911622
7340,21,308,3,0.0,,0.058941252529621124,0.9854668000003155,2026-01-19T23:07:15.921058
7350,21,318,2,0.0,,0.05885995924472809,0.9854470000003159,2026-01-19T23:07:15.930237
7360,21,328,5,0.0,,0.05904676020145416,0.9854272000003164,2026-01-19T23:07:15.937770
7370,21,338,1,0.0,,0.05894257873296738,0.9854074000003168,2026-01-19T23:07:15.945906
7380,22,0,2,0.0,,0.058618102222681046,0.9853876000003172,2026-01-19T23:07:15.964310
7390,22,10,4,0.0,,0.058572255074977875,0.9853678000003177,2026-01-19T23:07:15.973246
7400,22,20,0,0.0,,0.058557815849781036,0.9853480000003181,2026-01-19T23:07:15.981883
7410,22,30,0,0.0,,0.058683834969997406,0.9853282000003185,2026-01-19T23:07:15.991290
7420,22,40,1,0.0,,0.058304764330387115,0.9853084000003189,2026-01-19T23:07:15.998455
7430,22,50,5,0.0,,0.05905627831816673,0.9852886000003194,2026-01-19T23:07:16.005670
7440,22,60,5,0.0,,0.05872591584920883,0.9852688000003198,2026-01-19T23:07:16.013993
7450,22,70,1,0.0,,0.060199737548828125,0.9852490000003202,2026-01-19T23:07:16.020958
7460,22,80,5,0.0,,0.059268370270729065,0.9852292000003207,2026-01-19T23:07:16.029601
7470,22,90,5,0.0,,0.05945327877998352,0.9852094000003211,2026-01-19T23:07:16.040401
7480,22,100,2,0.0,,0.05946812406182289,0.9851896000003215,2026-01-19T23:07:16.047900
7490,22,110,1,0.0,,0.059348031878471375,0.985169800000322,2026-01-19T23:07:16.055380
7500,22,120,5,0.0,,0.059688400477170944,0.9851500000003224,2026-01-19T23:07:16.063285
7510,22,130,1,0.0,,0.05920586735010147,0.9851302000003228,2026-01-19T23:07:16.070662
7520,22,140,4,0.0,,0.058699123561382294,0.9851104000003232,2026-01-19T23:07:16.077886
7530,22,150,3,0.0,,0.05917087569832802,0.9850906000003237,2026-01-19T23:07:16.087326
7540,22,160,3,0.0,,0.05926669389009476,0.9850708000003241,2026-01-19T23:07:16.094977
7550,22,170,1,0.0,,0.05929743871092796,0.9850510000003245,2026-01-19T23:07:16.102753
7560,22,180,1,0.0,,0.05920802056789398,0.985031200000325,2026-01-19T23:07:16.110667
7570,22,190,4,0.0,,0.059266749769449234,0.9850114000003254,2026-01-19T23:07:16.119344
7580,22,200,5,0.0,,0.059257544577121735,0.9849916000003258,2026-01-19T23:07:16.126899
7590,22,210,2,0.0,,0.05928435176610947,0.9849718000003262,2026-01-19T23:07:16.136696
7600,22,220,2,0.0,,0.059082645922899246,0.9849520000003267,2026-01-19T23:07:16.146182
7610,22,230,4,0.0,,0.05887673795223236,0.9849322000003271,2026-01-19T23:07:16.157790
7620,22,240,1,0.0,,0.05890408530831337,0.9849124000003275,2026-01-19T23:07:16.167261
7630,22,250,4,0.0,,0.05890078842639923,0.984892600000328,2026-01-19T23:07:16.179633
7640,22,260,0,0.0,,0.05898250266909599,0.9848728000003284,2026-01-19T23:07:16.188295
7650,22,270,0,0.0,,0.05895297974348068,0.9848530000003288,2026-01-19T23:07:16.198242
7660,22,280,0,0.0,,0.05896057188510895,0.9848332000003293,2026-01-19T23:07:16.208095
7670,22,290,1,0.0,,0.059338100254535675,0.9848134000003297,2026-01-19T23:07:16.218029
7680,22,300,4,25.0,,0.05905674397945404,0.9847936000003301,2026-01-19T23:07:16.230084
7690,22,310,3,0.0,,0.05831990763545036,0.9847738000003305,2026-01-19T23:07:16.241203
7700,22,320,4,0.0,,0.059449393302202225,0.984754000000331,2026-01-19T23:07:16.254105
7710,22,330,5,0.0,,0.059229277074337006,0.9847342000003314,2026-01-19T23:07:16.265886
7720,22,340,0,0.0,,0.05944819748401642,0.9847144000003318,2026-01-19T23:07:16.277553
7730,22,350,5,0.0,,0.059286829084157944,0.9846946000003323,2026-01-19T23:07:16.286759
7740,23,7,4,0.0,,0.05859620124101639,0.9846748000003327,2026-01-19T23:07:16.306937
7750,23,17,1,0.0,,0.0585453100502491,0.9846550000003331,2026-01-19T23:07:16.314664
7760,23,27,2,0.0,,0.05866313725709915,0.9846352000003336,2026-01-19T23:07:16.323412
7770,23,37,3,0.0,,0.058604784309864044,0.984615400000334,2026-01-19T23:07:16.330814
7780,23,47,4,0.0,,0.058379240334033966,0.9845956000003344,2026-01-19T23:07:16.337850
7790,23,57,4,0.0,,0.05885612964630127,0.9845758000003348,2026-01-19T23:07:16.344987
7800,23,67,3,0.0,,0.059190720319747925,0.9845560000003353,2026-01-19T23:07:16.352443
7810,23,77,2,0.0,,0.059139616787433624,0.9845362000003357,2026-01-19T23:07:16.359566
7820,23,87,1,0.0,,0.059187084436416626,0.9845164000003361,2026-01-19T23:07:16.367040
7830,23,97,0,0.0,,0.059074532240629196,0.9844966000003366,2026-01-19T23:07:16.374330
7840,23,107,2,0.0,,0.059217385947704315,0.984476800000337,2026-01-19T23:07:16.381442
7850,23,117,2,0.0,,0.059013623744249344,0.9844570000003374,2026-01-19T23:07:16.389384
7860,23,127,4,0.0,,0.05877218768000603,0.9844372000003379,2026-01-19T23:07:16.400066
7870,23,137,4,0.0,,0.05915899574756622,0.9844174000003383,2026-01-19T23:07:16.408267
7880,23,147,2,0.0,,0.05916064232587814,0.9843976000003387,2026-01-19T23:07:16.416142
7890,23,157,2,0.0,,0.05905309319496155,0.9843778000003391,2026-01-19T23:07:16.427390
7900,23,167,1,0.0,,0.05916775390505791,0.9843580000003396,2026-01-19T23:07:16.435485
7910,23,177,4,0.0,,0.05903958901762962,0.98433820000034,2026-01-19T23:07:16.445276
7920,23,187,4,0.0,,0.05910620838403702,0.9843184000003404,2026-01-19T23:07:16.452907
7930,23,197,2,0.0,,0.05874098464846611,0.9842986000003409,2026-01-19T23:07:16.461971
7940,23,207,3,0.0,,0.058694563806056976,0.9842788000003413,2026-01-19T23:07:16.470540
7950,23,217,2,0.0,,0.058465879410505295,0.9842590000003417,2026-01-19T23:07:16.480606
7960,23,227,0,0.0,,0.05873436480760574,0.9842392000003422,2026-01-19T23:07:16.490060
7970,23,237,0,0.0,,0.05872059240937233,0.9842194000003426,2026-01-19T23:07:16.498147
7980,23,247,2,0.0,,0.05868621543049812,0.984199600000343,2026-01-19T23:07:16.505818
7990,23,257,0,0.0,,0.0588039830327034,0.9841798000003434,2026-01-19T23:07:16.513763
8000,23,267,2,0.0,,0.0587749108672142,0.9841600000003439,2026-01-19T23:07:16.522249
8010,23,277,0,0.0,,0.058618731796741486,0.9841402000003443,2026-01-19T23:07:16.532676
8020,23,287,2,0.0,,0.058839619159698486,0.9841204000003447,2026-01-19T23:07:16.540985
8030,24,8,4,0.0,,0.05853450298309326,0.9841006000003452,2026-01-19T23:07:16.559620
8040,24,18,4,0.0,,0.05860724300146103,0.9840808000003456,2026-01-19T23:07:16.567589
8050,24,28,3,0.0,,0.058591388165950775,0.984061000000346,2026-01-19T23:07:16.574343
8060,24,38,2,0.0,,0.05852952599525452,0.9840412000003464,2026-01-19T23:07:16.581950
8070,24,48,5,0.0,,0.05858667194843292,0.9840214000003469,2026-01-19T23:07:16.589840
8080,24,58,1,0.0,,0.05925270915031433,0.9840016000003473,2026-01-19T23:07:16.597717
8090,24,68,0,0.0,,0.059043265879154205,0.9839818000003477,2026-01-19T23:07:16.605601
8100,24,78,2,0.0,,0.05941004678606987,0.9839620000003482,2026-01-19T23:07:16.613107
8110,24,88,2,0.0,,0.059482939541339874,0.9839422000003486,2026-01-19T23:07:16.620626
8120,24,98,3,0.0,,0.059473685920238495,0.983922400000349,2026-01-19T23:07:16.628361
8130,24,108,3,0.0,,0.05880226194858551,0.9839026000003495,2026-01-19T23:07:16.635647
8140,24,118,2,0.0,,0.059079430997371674,0.9838828000003499,2026-01-19T23:07:16.645697
8150,24,128,4,0.0,,0.058942411094903946,0.9838630000003503,2026-01-19T23:07:16.657179
8160,24,138,1,0.0,,0.058737315237522125,0.9838432000003507,2026-01-19T23:07:16.669179
8170,24,148,4,0.0,,0.05923967808485031,0.9838234000003512,2026-01-19T23:07:16.677507
8180,24,158,3,0.0,,0.0591328889131546,0.9838036000003516,2026-01-19T23:07:16.686068
8190,24,168,1,0.0,,0.0590951144695282,0.983783800000352,2026-01-19T23:07:16.698446
8200,24,178,0,0.0,,0.05903647467494011,0.9837640000003525,2026-01-19T23:07:16.705993
8210,24,188,3,0.0,,0.059061482548713684,0.9837442000003529,2026-01-19T23:07:16.713556
8220,24,198,5,0.0,,0.05867040902376175,0.9837244000003533,2026-01-19T23:07:16.721490
8230,24,208,4,0.0,,0.058643490076065063,0.9837046000003538,2026-01-19T23:07:16.730786
8240,24,218,1,0.0,,0.0591498427093029,0.9836848000003542,2026-01-19T23:07:16.739231
8250,24,228,2,0.0,,0.058783236891031265,0.9836650000003546,2026-01-19T23:07:16.748643
8260,24,238,4,25.0,,0.05835016444325447,0.983645200000355,2026-01-19T23:07:16.757958
8270,24,248,4,0.0,,0.059124141931533813,0.9836254000003555,2026-01-19T23:07:16.765975
8280,24,258,4,0.0,,0.05984865874052048,0.9836056000003559,2026-01-19T23:07:16.774403
8290,24,268,2,0.0,,0.05946670100092888,0.9835858000003563,2026-01-19T23:07:16.783838
8300,24,278,3,0.0,,0.0593288317322731,0.9835660000003568,2026-01-19T23:07:16.792969
8310,24,288,1,0.0,,0.05942731723189354,0.9835462000003572,2026-01-19T23:07:16.801285
8320,24,298,4,0.0,,0.05925373360514641,0.9835264000003576,2026-01-19T23:07:16.809248
8330,24,308,1,0.0,,0.05939728766679764,0.9835066000003581,2026-01-19T23:07:16.817683
8340,24,318,2,0.0,,0.05929674580693245,0.9834868000003585,2026-01-19T23:07:16.825733
8350,25,5,5,0.0,,0.058488424867391586,0.9834670000003589,2026-01-19T23:07:16.845141
8360,25,15,5,0.0,,0.058623261749744415,0.9834472000003593,2026-01-19T23:07:16.853156
8370,25,25,5,0.0,,0.05857757478952408,0.9834274000003598,2026-01-19T23:07:16.861916
8380,25,35,0,0.0,,0.05872541666030884,0.9834076000003602,2026-01-19T23:07:16.873329
8390,25,45,5,0.0,,0.05880918353796005,0.9833878000003606,2026-01-19T23:07:16.884951
8400,25,55,0,0.0,,0.058100439608097076,0.9833680000003611,2026-01-19T23:07:16.893069
8410,25,65,2,0.0,,0.05881199613213539,0.9833482000003615,2026-01-19T23:07:16.900783
8420,25,75,3,0.0,,0.059165108948946,0.9833284000003619,2026-01-19T23:07:16.909905
8430,25,85,2,0.0,,0.0591750331223011,0.9833086000003624,2026-01-19T23:07:16.918319
8440,25,95,5,0.0,,0.05921078473329544,0.9832888000003628,2026-01-19T23:07:16.926457
8450,25,105,0,0.0,,0.05921142175793648,0.9832690000003632,2026-01-19T23:07:16.934621
8460,25,115,0,0.0,,0.05915740877389908,0.9832492000003636,2026-01-19T23:07:16.942506
8470,25,125,3,0.0,,0.05940324068069458,0.9832294000003641,2026-01-19T23:07:16.951394
8480,25,135,2,0.0,,0.0581037700176239,0.9832096000003645,2026-01-19T23:07:16.959500
8490,25,145,4,0.0,,0.05922733247280121,0.9831898000003649,2026-01-19T23:07:16.967083
8500,25,155,1,0.0,,0.05912667512893677,0.9831700000003654,2026-01-19T23:07:16.973991
8510,25,165,0,0.0,,0.05907004326581955,0.9831502000003658,2026-01-19T23:07:16.981701
8520,25,175,1,0.0,,0.05912676453590393,0.9831304000003662,2026-01-19T23:07:16.989383
8530,25,185,1,0.0,,0.05901124328374863,0.9831106000003667,2026-01-19T23:07:16.997048
8540,25,195,1,0.0,,0.05911913886666298,0.9830908000003671,2026-01-19T23:07:17.005500
8550,25,205,3,0.0,,0.058926068246364594,0.9830710000003675,2026-01-19T23:07:17.013739
8560,25,215,5,0.0,,0.05834729224443436,0.9830512000003679,2026-01-19T23:07:17.025111
8570,25,225,1,0.0,,0.058911584317684174,0.9830314000003684,2026-01-19T23:07:17.032610
8580,25,235,0,0.0,,0.058695919811725616,0.9830116000003688,2026-01-19T23:07:17.039935
8590,25,245,5,0.0,,0.058760177344083786,0.9829918000003692,2026-01-19T23:07:17.047775
8600,25,255,2,0.0,,0.05869261920452118,0.9829720000003697,2026-01-19T23:07:17.055557
8610,25,265,3,0.0,,0.05885755270719528,0.9829522000003701,2026-01-19T23:07:17.067894
8620,25,275,2,0.0,,0.058746837079524994,0.9829324000003705,2026-01-19T23:07:17.079397
8630,25,285,2,0.0,,0.058518826961517334,0.982912600000371,2026-01-19T23:07:17.089283
8640,26,8,2,0.0,,0.05853450298309326,0.9828928000003714,2026-01-19T23:07:17.110805
8650,26,18,0,0.0,,0.05860724300146103,0.9828730000003718,2026-01-19T23:07:17.119967
8660,26,28,5,0.0,,0.058591388165950775,0.9828532000003722,2026-01-19T23:07:17.129468
8670,26,38,5,0.0,,0.05852952599525452,0.9828334000003727,2026-01-19T23:07:17.137982
8680,26,48,2,0.0,,0.0587778314948082,0.9828136000003731,2026-01-19T23:07:17.147490
8690,26,58,4,0.0,,0.059221476316452026,0.9827938000003735,2026-01-19T23:07:17.156898
8700,26,68,1,0.0,,0.059085164219141006,0.982774000000374,2026-01-19T23:07:17.167320
8710,26,78,5,0.0,,0.0590989775955677,0.9827542000003744,2026-01-19T23:07:17.178025
8720,26,88,1,0.0,,0.059052418917417526,0.9827344000003748,2026-01-19T23:07:17.185754
8730,26,98,0,0.0,,0.059030868113040924,0.9827146000003752,2026-01-19T23:07:17.193976
8740,26,108,3,0.0,,0.05921958386898041,0.9826948000003757,2026-01-19T23:07:17.204027
8750,26,118,1,0.0,,0.059310510754585266,0.9826750000003761,2026-01-19T23:07:17.211652
8760,26,128,4,0.0,,0.05928242951631546,0.9826552000003765,2026-01-19T23:07:17.219988
8770,26,138,0,0.0,,0.05846954509615898,0.982635400000377,2026-01-19T23:07:17.226729
8780,26,148,1,0.0,,0.05931922793388367,0.9826156000003774,2026-01-19T23:07:17.234213
8790,26,158,5,0.0,,0.058122843503952026,0.9825958000003778,2026-01-19T23:07:17.241953
8800,26,168,1,0.0,,0.05948453024029732,0.9825760000003783,2026-01-19T23:07:17.250628
8810,26,178,0,0.0,,0.05896539241075516,0.9825562000003787,2026-01-19T23:07:17.257773
8820,26,188,5,0.0,,0.05905750393867493,0.9825364000003791,2026-01-19T23:07:17.264995
8830,26,198,2,0.0,,0.05905798822641373,0.9825166000003795,2026-01-19T23:07:17.272075
8840,26,208,3,0.0,,0.05913691967725754,0.98249680000038,2026-01-19T23:07:17.279785
8850,26,218,2,0.0,,0.05931764841079712,0.9824770000003804,2026-01-19T23:07:17.288088
8860,26,228,2,0.0,,0.058645620942115784,0.9824572000003808,2026-01-19T23:07:17.295538
8870,26,238,4,0.0,,0.05836442485451698,0.9824374000003813,2026-01-19T23:07:17.302742
8880,26,248,5,0.0,,0.058563102036714554,0.9824176000003817,2026-01-19T23:07:17.310112
8890,26,258,4,0.0,,0.058812011033296585,0.9823978000003821,2026-01-19T23:07:17.319059
8900,26,268,1,0.0,,0.05891261249780655,0.9823780000003826,2026-01-19T23:07:17.327373
8910,26,278,0,0.0,,0.058717355132102966,0.982358200000383,2026-01-19T23:07:17.334813
8920,26,288,3,0.0,,0.05884230136871338,0.9823384000003834,2026-01-19T23:07:17.342820
8930,26,298,5,0.0,,0.058632031083106995,0.9823186000003838,2026-01-19T23:07:17.352295
8940,26,308,4,0.0,,0.05871432647109032,0.9822988000003843,2026-01-19T23:07:17.359714
8950,27,0,0,0.0,,0.058618102222681046,0.9822790000003847,2026-01-19T23:07:17.376498
8960,27,10,5,0.0,,0.058572255074977875,0.9822592000003851,2026-01-19T23:07:17.388122
8970,27,20,5,0.0,,0.058557815849781036,0.9822394000003856,2026-01-19T23:07:17.397190
8980,27,30,4,0.0,,0.058683834969997406,0.982219600000386,2026-01-19T23:07:17.405765
8990,27,40,1,0.0,,0.05836634710431099,0.9821998000003864,2026-01-19T23:07:17.415082
9000,27,50,4,0.0,,0.05863365903496742,0.9821800000003869,2026-01-19T23:07:17.424071
9010,27,60,3,0.0,,0.05902561545372009,0.9821602000003873,2026-01-19T23:07:17.431953
9020,27,70,3,0.0,,0.05939912796020508,0.9821404000003877,2026-01-19T23:07:17.441506
9030,27,80,4,0.0,,0.05933406203985214,0.9821206000003881,2026-01-19T23:07:17.452832
9040,27,90,1,0.0,,0.059653181582689285,0.9821008000003886,2026-01-19T23:07:17.461240
9050,27,100,2,0.0,,0.059468552470207214,0.982081000000389,2026-01-19T23:07:17.469267
9060,27,110,2,0.0,,0.058690499514341354,0.9820612000003894,2026-01-19T23:07:17.479191
9070,27,120,4,0.0,,0.058954864740371704,0.9820414000003899,2026-01-19T23:07:17.486189
9080,27,130,5,0.0,,0.058489248156547546,0.9820216000003903,2026-01-19T23:07:17.493216
9090,27,140,1,0.0,,0.05861377716064453,0.9820018000003907,2026-01-19T23:07:17.500500
9100,27,150,1,0.0,,0.05857903137803078,0.9819820000003912,2026-01-19T23:07:17.508489
9110,27,160,3,0.0,,0.05883794277906418,0.9819622000003916,2026-01-19T23:07:17.517165
9120,27,170,5,0.0,,0.058875150978565216,0.981942400000392,2026-01-19T23:07:17.525102
9130,27,180,0,25.0,,0.059316713362932205,0.9819226000003924,2026-01-19T23:07:17.532446
9140,27,190,2,0.0,,0.05983547866344452,0.9819028000003929,2026-01-19T23:07:17.539552
9150,27,200,1,0.0,,0.05986284464597702,0.9818830000003933,2026-01-19T23:07:17.546853
9160,27,210,3,0.0,,0.0590323880314827,0.9818632000003937,2026-01-19T23:07:17.554563
9170,27,220,5,0.0,,0.05912449210882187,0.9818434000003942,2026-01-19T23:07:17.561720
9180,27,230,1,0.0,,0.059377651661634445,0.9818236000003946,2026-01-19T23:07:17.568694
9190,27,240,1,0.0,,0.058695100247859955,0.981803800000395,2026-01-19T23:07:17.575419
9200,27,250,0,0.0,,0.05949126183986664,0.9817840000003955,2026-01-19T23:07:17.583061
9210,27,260,5,0.0,,0.05897250771522522,0.9817642000003959,2026-01-19T23:07:17.590699
9220,27,270,5,0.0,,0.05861806869506836,0.9817444000003963,2026-01-19T23:07:17.597833
9230,27,280,5,0.0,,0.059002622961997986,0.9817246000003967,2026-01-19T23:07:17.605084
9240,28,5,3,0.0,,0.058488424867391586,0.9817048000003972,2026-01-19T23:07:17.623734
9250,28,15,0,0.0,,0.058623261749744415,0.9816850000003976,2026-01-19T23:07:17.631967
9260,28,25,3,0.0,,0.05857757478952408,0.981665200000398,2026-01-19T23:07:17.639484
9270,28,35,1,0.0,,0.05872541666030884,0.9816454000003985,2026-01-19T23:07:17.647490
9280,28,45,3,0.0,,0.05880918353796005,0.9816256000003989,2026-01-19T23:07:17.656450
9290,28,55,0,0.0,,0.05904480814933777,0.9816058000003993,2026-01-19T23:07:17.665252
9300,28,65,4,0.0,,0.05926016718149185,0.9815860000003997,2026-01-19T23:07:17.674104
9310,28,75,1,0.0,,0.05938667058944702,0.9815662000004002,2026-01-19T23:07:17.680672
9320,28,85,1,0.0,,0.0592525340616703,0.9815464000004006,2026-01-19T23:07:17.688002
9330,28,95,4,0.0,,0.05956928804516792,0.981526600000401,2026-01-19T23:07:17.694642
9340,28,105,0,0.0,,0.05871265009045601,0.9815068000004015,2026-01-19T23:07:17.701821
9350,28,115,5,0.0,,0.058625441044569016,0.9814870000004019,2026-01-19T23:07:17.709650
9360,28,125,4,0.0,,0.05868148431181908,0.9814672000004023,2026-01-19T23:07:17.717292
9370,28,135,5,0.0,,0.059387050569057465,0.9814474000004028,2026-01-19T23:07:17.725444
9380,28,145,3,0.0,,0.05941391363739967,0.9814276000004032,2026-01-19T23:07:17.733155
9390,28,155,3,0.0,,0.05929122865200043,0.9814078000004036,2026-01-19T23:07:17.741407
9400,28,165,3,0.0,,0.05892133712768555,0.981388000000404,2026-01-19T23:07:17.748679
9410,28,175,0,0.0,,0.05889426916837692,0.9813682000004045,2026-01-19T23:07:17.755992
9420,28,185,0,0.0,,0.058727897703647614,0.9813484000004049,2026-01-19T23:07:17.765087
9430,28,195,4,0.0,,0.058883775025606155,0.9813286000004053,2026-01-19T23:07:17.772848
9440,28,205,0,0.0,,0.058809150010347366,0.9813088000004058,2026-01-19T23:07:17.781885
9450,28,215,5,0.0,,0.05843459069728851,0.9812890000004062,2026-01-19T23:07:17.789815
9460,28,225,1,0.0,,0.05790506675839424,0.9812692000004066,2026-01-19T23:07:17.797402
9470,28,235,4,0.0,,0.05771326273679733,0.9812494000004071,2026-01-19T23:07:17.805410
9480,28,245,3,0.0,,0.05783242732286453,0.9812296000004075,2026-01-19T23:07:17.813766
9490,28,255,2,0.0,,0.05777306854724884,0.9812098000004079,2026-01-19T23:07:17.824288
9500,28,265,4,0.0,,0.058078739792108536,0.9811900000004083,2026-01-19T23:07:17.833634
9510,29,5,4,0.0,,0.058488424867391586,0.9811702000004088,2026-01-19T23:07:17.855204
9520,29,15,4,0.0,,0.058623261749744415,0.9811504000004092,2026-01-19T23:07:17.862975
9530,29,25,0,0.0,,0.05857757478952408,0.9811306000004096,2026-01-19T23:07:17.871693
9540,29,35,2,0.0,,0.05872541666030884,0.9811108000004101,2026-01-19T23:07:17.894293
9550,29,45,2,0.0,,0.05880918353796005,0.9810910000004105,2026-01-19T23:07:17.922289
9560,29,55,0,0.0,,0.058100439608097076,0.9810712000004109,2026-01-19T23:07:17.934663
9570,29,65,4,0.0,,0.05881199613213539,0.9810514000004114,2026-01-19T23:07:17.945716
9580,29,75,1,0.0,,0.059165108948946,0.9810316000004118,2026-01-19T23:07:17.960822
9590,29,85,1,0.0,,0.0591750331223011,0.9810118000004122,2026-01-19T23:07:17.970293
9600,29,95,5,0.0,,0.05921078473329544,0.9809920000004126,2026-01-19T23:07:17.978167
9610,29,105,0,0.0,,0.05921142175793648,0.9809722000004131,2026-01-19T23:07:17.986758
9620,29,115,1,0.0,,0.05915740877389908,0.9809524000004135,2026-01-19T23:07:17.995606
9630,29,125,5,0.0,,0.05883127823472023,0.9809326000004139,2026-01-19T23:07:18.004878
9640,29,135,1,0.0,,0.05868399888277054,0.9809128000004144,2026-01-19T23:07:18.014118
9650,29,145,1,0.0,,0.05865899845957756,0.9808930000004148,2026-01-19T23:07:18.022035
9660,29,155,2,0.0,,0.058665864169597626,0.9808732000004152,2026-01-19T23:07:18.031705
9670,29,165,1,0.0,,0.059721145778894424,0.9808534000004157,2026-01-19T23:07:18.040143
9680,29,175,3,0.0,,0.05877228081226349,0.9808336000004161,2026-01-19T23:07:18.048942
9690,29,185,2,25.0,,0.05893527716398239,0.9808138000004165,2026-01-19T23:07:18.059124
9700,29,195,2,0.0,,0.05888280272483826,0.9807940000004169,2026-01-19T23:07:18.068956
9710,29,205,1,0.0,,0.05933728441596031,0.9807742000004174,2026-01-19T23:07:18.077710
9720,29,215,3,0.0,,0.05923273414373398,0.9807544000004178,2026-01-19T23:07:18.090117
9730,29,225,5,0.0,,0.05939880385994911,0.9807346000004182,2026-01-19T23:07:18.098522
9740,29,235,2,0.0,,0.059141285717487335,0.9807148000004187,2026-01-19T23:07:18.107830
9750,29,245,3,0.0,,0.05923584848642349,0.9806950000004191,2026-01-19T23:07:18.122412
9760,29,255,0,0.0,,0.059140026569366455,0.9806752000004195,2026-01-19T23:07:18.137847
9770,29,265,5,0.0,,0.059331320226192474,0.98065540000042,2026-01-19T23:07:18.150922
9780,29,275,3,0.0,,0.05917639285326004,0.9806356000004204,2026-01-19T23:07:18.161242
9790,29,285,0,0.0,,0.05875194072723389,0.9806158000004208,2026-01-19T23:07:18.172985
9800,30,9,3,0.0,,0.05851022154092789,0.9805960000004212,2026-01-19T23:07:18.201653
9810,30,19,3,0.0,,0.058619577437639236,0.9805762000004217,2026-01-19T23:07:18.212219
9820,30,29,1,0.0,,0.05858014523983002,0.9805564000004221,2026-01-19T23:07:18.222292
9830,30,39,4,0.0,,0.05867210030555725,0.9805366000004225,2026-01-19T23:07:18.233393
9840,30,49,0,0.0,,0.058649130165576935,0.980516800000423,2026-01-19T23:07:18.243488
9850,30,59,4,0.0,,0.059127308428287506,0.9804970000004234,2026-01-19T23:07:18.254727
9860,30,69,3,0.0,,0.05927940458059311,0.9804772000004238,2026-01-19T23:07:18.267308
9870,30,79,3,0.0,,0.0594412125647068,0.9804574000004243,2026-01-19T23:07:18.275507
9880,30,89,4,0.0,,0.05960966646671295,0.9804376000004247,2026-01-19T23:07:18.285046
9890,30,99,0,0.0,,0.059617262333631516,0.9804178000004251,2026-01-19T23:07:18.293212
9900,30,109,4,0.0,,0.05963144451379776,0.9803980000004255,2026-01-19T23:07:18.300936
9910,30,119,5,0.0,,0.05983021855354309,0.980378200000426,2026-01-19T23:07:18.309473
9920,30,129,4,0.0,,0.059725962579250336,0.9803584000004264,2026-01-19T23:07:18.318069
9930,30,139,5,0.0,,0.059022098779678345,0.9803386000004268,2026-01-19T23:07:18.325906
9940,30,149,3,0.0,,0.05914836376905441,0.9803188000004273,2026-01-19T23:07:18.333778
9950,30,159,5,0.0,,0.05944058299064636,0.9802990000004277,2026-01-19T23:07:18.341861
9960,30,169,5,0.0,,0.05933062359690666,0.9802792000004281,2026-01-19T23:07:18.350310
9970,30,179,1,0.0,,0.059356339275836945,0.9802594000004285,2026-01-19T23:07:18.358943
9980,30,189,3,0.0,,0.05930141359567642,0.980239600000429,2026-01-19T23:07:18.367699
9990,30,199,4,0.0,,0.059462614357471466,0.9802198000004294,2026-01-19T23:07:18.376002
10000,30,209,3,0.0,19.550643920898438,0.08037836104631424,0.9802000000004298,2026-01-19T23:07:18.577900
10010,30,219,1,0.0,,0.12435919791460037,0.9801802000004303,2026-01-19T23:07:18.673663
10020,30,229,4,0.0,0.007410271093249321,0.16957396268844604,0.9801604000004307,2026-01-19T23:07:18.809490
10030,30,239,2,0.0,,0.18137043714523315,0.9801406000004311,2026-01-19T23:07:18.901238
10040,30,249,1,0.0,19.690481185913086,0.1931355744600296,0.9801208000004316,2026-01-19T23:07:19.059454
10050,30,259,1,0.0,,0.19380657374858856,0.980101000000432,2026-01-19T23:07:19.151456
10060,30,269,3,0.0,0.007733761332929134,0.19673553109169006,0.9800812000004324,2026-01-19T23:07:19.272458
10070,30,279,4,0.0,,0.1979425847530365,0.9800614000004328,2026-01-19T23:07:19.351429
10080,30,289,2,0.0,0.0075067998841404915,0.19622859358787537,0.9800416000004333,2026-01-19T23:07:19.470108
10090,30,299,3,0.0,,0.19597546756267548,0.9800218000004337,2026-01-19T23:07:19.566430
10100,30,309,2,0.0,0.005335335154086351,0.19829082489013672,0.9800020000004341,2026-01-19T23:07:19.703645
10110,30,319,0,0.0,,0.21938078105449677,0.9799822000004346,2026-01-19T23:07:19.799439
10120,30,329,2,0.0,0.01450610626488924,0.27949926257133484,0.979962400000435,2026-01-19T23:07:19.914569
10130,30,339,1,0.0,,0.325686514377594,0.9799426000004354,2026-01-19T23:07:19.990697
10140,30,349,3,0.0,0.029992442578077316,0.3992518186569214,0.9799228000004359,2026-01-19T23:07:20.107760
10150,30,359,3,0.0,,0.4305227994918823,0.9799030000004363,2026-01-19T23:07:20.191252
10160,30,369,0,0.0,0.041600629687309265,0.43551698327064514,0.9798832000004367,2026-01-19T23:07:20.311780
10170,30,379,0,0.0,,0.4788271486759186,0.9798634000004371,2026-01-19T23:07:20.391922
10180,30,389,1,0.0,18.972240447998047,0.5389086604118347,0.9798436000004376,2026-01-19T23:07:20.509291
10190,31,4,5,0.0,,0.5619041323661804,0.979823800000438,2026-01-19T23:07:20.601792
10200,31,14,4,0.0,19.188011169433594,0.5732936263084412,0.9798040000004384,2026-01-19T23:07:20.732880
10210,31,24,0,0.0,,0.5736157894134521,0.9797842000004389,2026-01-19T23:07:20.879416
10220,31,34,0,0.0,19.47401237487793,0.540398895740509,0.9797644000004393,2026-01-19T23:07:21.004568
10230,31,44,4,0.0,,0.5209550857543945,0.9797446000004397,2026-01-19T23:07:21.093989
10240,31,54,2,0.0,38.10902404785156,0.49922090768814087,0.9797248000004402,2026-01-19T23:07:21.221828
10250,31,64,5,0.0,,0.5171401500701904,0.9797050000004406,2026-01-19T23:07:21.310768
10260,31,74,4,0.0,0.15500478446483612,0.5940114855766296,0.979685200000441,2026-01-19T23:07:21.434369
10270,31,84,4,0.0,,0.6041247844696045,0.9796654000004414,2026-01-19T23:07:21.514964
10280,31,94,3,0.0,0.1479482650756836,0.564987301826477,0.9796456000004419,2026-01-19T23:07:21.663586
10290,31,104,2,0.0,,0.5501223802566528,0.9796258000004423,2026-01-19T23:07:21.749112
10300,31,114,2,0.0,0.11307872831821442,0.5640766024589539,0.9796060000004427,2026-01-19T23:07:21.873540
10310,31,124,4,0.0,,0.5494020581245422,0.9795862000004432,2026-01-19T23:07:21.957913
10320,31,134,1,0.0,0.11411485075950623,0.5389940738677979,0.9795664000004436,2026-01-19T23:07:22.073703
10330,31,144,4,0.0,,0.5330852270126343,0.979546600000444,2026-01-19T23:07:22.160657
10340,31,154,2,0.0,0.10363660007715225,0.5186459422111511,0.9795268000004445,2026-01-19T23:07:22.275554
10350,31,164,0,0.0,,0.4941008985042572,0.9795070000004449,2026-01-19T23:07:22.355973
10360,31,174,0,0.0,18.885997772216797,0.46206700801849365,0.9794872000004453,2026-01-19T23:07:22.468945
10370,31,184,5,0.0,,0.4677802324295044,0.9794674000004457,2026-01-19T23:07:22.547894
10380,31,194,4,0.0,0.11015959084033966,0.45999711751937866,0.9794476000004462,2026-01-19T23:07:22.671400
10390,31,204,1,0.0,,0.45486488938331604,0.9794278000004466,2026-01-19T23:07:22.746148
10400,31,214,5,0.0,0.07803884148597717,0.45335692167282104,0.979408000000447,2026-01-19T23:07:22.862016
10410,31,224,3,0.0,,0.4405142366886139,0.9793882000004475,2026-01-19T23:07:22.948505
10420,31,234,5,0.0,19.427614212036133,0.45975255966186523,0.9793684000004479,2026-01-19T23:07:23.063578
10430,31,244,1,0.0,,0.4641677439212799,0.9793486000004483,2026-01-19T23:07:23.146278
10440,31,254,4,0.0,0.08575118333101273,0.4620661735534668,0.9793288000004488,2026-01-19T23:07:23.269163
10450,31,264,4,0.0,,0.4516044855117798,0.9793090000004492,2026-01-19T23:07:23.350880
10460,31,274,1,0.0,19.39366340637207,0.432544469833374,0.9792892000004496,2026-01-19T23:07:23.462695
10470,31,284,5,0.0,,0.4130055904388428,0.97926940000045,2026-01-19T23:07:23.542428
10480,32,9,2,0.0,0.055927738547325134,0.3903694450855255,0.9792496000004505,2026-01-19T23:07:23.669231
10490,32,19,3,0.0,,0.37170588970184326,0.9792298000004509,2026-01-19T23:07:23.752423
10500,32,29,5,0.0,0.03953414410352707,0.34150218963623047,0.9792100000004513,2026-01-19T23:07:23.863341
10510,32,39,1,0.0,,0.32985129952430725,0.9791902000004518,2026-01-19T23:07:23.947415
10520,32,49,5,0.0,0.03828854113817215,0.3375898003578186,0.9791704000004522,2026-01-19T23:07:24.068677
10530,32,59,3,0.0,,0.3537168502807617,0.9791506000004526,2026-01-19T23:07:24.145251
10540,32,69,5,0.0,19.24866485595703,0.37599000334739685,0.979130800000453,2026-01-19T23:07:24.253655
10550,32,79,2,0.0,,0.39901331067085266,0.9791110000004535,2026-01-19T23:07:24.329941
10560,32,89,1,0.0,19.17865753173828,0.4576879143714905,0.9790912000004539,2026-01-19T23:07:24.443300
10570,32,99,3,0.0,,0.49985700845718384,0.9790714000004543,2026-01-19T23:07:24.520841
10580,32,109,3,0.0,0.08325967937707901,0.5688190460205078,0.9790516000004548,2026-01-19T23:07:24.632862
10590,32,119,1,0.0,,0.6302991509437561,0.9790318000004552,2026-01-19T23:07:24.708284
10600,32,129,3,0.0,0.16341643035411835,0.7313023805618286,0.9790120000004556,2026-01-19T23:07:24.820781
10610,32,139,0,0.0,,0.7526443600654602,0.9789922000004561,2026-01-19T23:07:24.893439
10620,32,149,0,0.0,37.2458610534668,0.7567734122276306,0.9789724000004565,2026-01-19T23:07:24.995639
10630,32,159,4,0.0,,0.7777487635612488,0.9789526000004569,2026-01-19T23:07:25.072284
10640,32,169,4,0.0,0.28591737151145935,0.7735021710395813,0.9789328000004573,2026-01-19T23:07:25.173641
10650,32,179,0,0.0,,0.7329321503639221,0.9789130000004578,2026-01-19T23:07:25.245438
10660,32,189,5,0.0,0.24582144618034363,0.6594266891479492,0.9788932000004582,2026-01-19T23:07:25.350118
10670,32,199,0,0.0,,0.5968678593635559,0.9788734000004586,2026-01-19T23:07:25.424875
10680,32,209,3,0.0,0.1927863359451294,0.5227047204971313,0.9788536000004591,2026-01-19T23:07:25.528885
10690,32,219,2,0.0,,0.4802650213241577,0.9788338000004595,2026-01-19T23:07:25.601000
10700,32,229,5,0.0,0.13725562393665314,0.4158274531364441,0.9788140000004599,2026-01-19T23:07:25.719571
10710,32,239,1,0.0,,0.37218645215034485,0.9787942000004604,2026-01-19T23:07:25.796355
10720,32,249,0,0.0,19.261707305908203,0.3200521469116211,0.9787744000004608,2026-01-19T23:07:25.929028
10730,32,259,5,0.0,,0.2993026077747345,0.9787546000004612,2026-01-19T23:07:26.022931
10740,32,269,5,0.0,0.024352464824914932,0.30076175928115845,0.9787348000004616,2026-01-19T23:07:26.132148
10750,32,279,1,0.0,,0.30524203181266785,0.9787150000004621,2026-01-19T23:07:26.215239
10760,32,289,0,0.0,0.03604275733232498,0.31573784351348877,0.9786952000004625,2026-01-19T23:07:26.322298
10770,32,299,5,0.0,,0.3188936710357666,0.9786754000004629,2026-01-19T23:07:26.399695
10780,32,309,3,0.0,38.66161346435547,0.32074058055877686,0.9786556000004634,2026-01-19T23:07:26.506580
10790,32,319,1,0.0,,0.3326732814311981,0.9786358000004638,2026-01-19T23:07:26.579661
10800,32,329,4,0.0,0.0739484429359436,0.35624513030052185,0.9786160000004642,2026-01-19T23:07:26.685854
10810,32,339,4,0.0,,0.3828473687171936,0.9785962000004647,2026-01-19T23:07:26.762348
10820,32,349,4,0.0,0.09021921455860138,0.4326629936695099,0.9785764000004651,2026-01-19T23:07:26.876422
10830,32,359,4,0.0,,0.45441633462905884,0.9785566000004655,2026-01-19T23:07:26.958550
10840,32,369,3,0.0,0.09753215312957764,0.4777570366859436,0.978536800000466,2026-01-19T23:07:27.062900
10850,32,379,0,0.0,,0.4851725697517395,0.9785170000004664,2026-01-19T23:07:27.135686
10860,32,389,0,0.0,0.08901320397853851,0.48349064588546753,0.9784972000004668,2026-01-19T23:07:27.241582
10870,33,6,5,0.0,,0.4708719253540039,0.9784774000004672,2026-01-19T23:07:27.325652
10880,33,16,0,0.0,0.09787800908088684,0.4716755449771881,0.9784576000004677,2026-01-19T23:07:27.436229
10890,33,26,5,0.0,,0.4607115089893341,0.9784378000004681,2026-01-19T23:07:27.506418
10900,33,36,4,0.0,38.65108871459961,0.4458518624305725,0.9784180000004685,2026-01-19T23:07:27.612364
10910,33,46,5,0.0,,0.4346819818019867,0.978398200000469,2026-01-19T23:07:27.688475
10920,33,56,4,0.0,0.07664218544960022,0.408549964427948,0.9783784000004694,2026-01-19T23:07:27.793462
10930,33,66,2,0.0,,0.3865095376968384,0.9783586000004698,2026-01-19T23:07:27.874400
10940,33,76,5,0.0,0.066465362906456,0.3618970513343811,0.9783388000004702,2026-01-19T23:07:27.984613
10950,33,86,3,0.0,,0.34515154361724854,0.9783190000004707,2026-01-19T23:07:28.058215
10960,33,96,3,0.0,0.05662616714835167,0.3206353187561035,0.9782992000004711,2026-01-19T23:07:28.158814
10970,33,106,3,0.0,,0.30906301736831665,0.9782794000004715,2026-01-19T23:07:28.231094
10980,33,116,1,0.0,0.04522368311882019,0.29481709003448486,0.978259600000472,2026-01-19T23:07:28.339888
10990,33,126,4,0.0,,0.28498077392578125,0.9782398000004724,2026-01-19T23:07:28.415050
